y,x,sensor_1,sensor_2,sensor_3,sensor_4,sensor_5,sensor_6,sensor_7,sensor_8
0,0,5.048911738629986,107.10573329296992,-3.3529753073696646,1025.7264827108702,7.036738660687553,20.054096296939857,-36.52709779416116,7.314198994048327
0,1,5.023022001488049,96.06988892973717,-3.7140710343090175,1033.3439957329417,5.783686157763053,20.044978790518492,-45.519834365105574,7.902575146707038
0,2,5.0053854790684715,81.81296216001543,-2.946246126795046,952.9186119678864,5.298521762284664,20.01736603383719,-45.7676140614635,8.299380180625864
0,3,5.067164032921341,108.1396203361497,-3.9214501137165243,1057.20144411642,7.738225719667159,20.061619298675037,-34.682712248545215,7.435882086372933
0,4,5.047745714748559,98.18216803341801,-3.4730330504257223,999.7789181859889,9.577125262538253,20.042225909743397,-47.46230601175874,8.507295701042683
0,5,5.022399469088381,111.05366450308762,-3.5987013280994247,1032.9180964190248,5.796561855236996,20.045847687013556,-37.52495168933653,7.657465568516618
0,6,5.070346431424824,109.15675411927613,-3.7340882280672885,1011.6444699838714,9.304036850991402,20.058556765713856,-36.58315569660427,7.754396574361845
0,7,4.98233849672758,82.88485103651192,-2.9369916680194557,971.5008208326315,7.728767122841268,20.033844793885294,-42.52794326819217,8.823672694906618
0,8,5.0286670451515665,98.78924882901738,-3.512197372549934,1045.7178570532155,7.847666994107387,20.048104160303897,-39.97975874830611,6.862307041550162
0,9,4.992066707918499,102.21004670805894,-3.7174637017457948,1010.9257454809939,8.71922176531607,20.0469265844902,-32.93369931454229,7.277341375925115
0,10,4.996428988972813,90.59685099073938,-3.5807863049933477,994.2769865239054,7.040877778617925,20.041988975525662,-40.051920208491,8.036562001450656
0,11,5.038047841944439,106.34802718876551,-3.379408546453745,1021.5803067468298,5.980412292766667,20.029937939682878,-46.11650444070565,7.7059978109659495
0,12,5.03992870444877,99.86814766669693,-3.6328905429506078,1052.3207881617318,8.00820349274327,20.053874768890562,-39.90044423693527,7.936093742258909
0,13,5.046066167351901,112.30775873394033,-4.010049907017898,1056.808919527247,7.075252706825701,20.04764123236878,-34.85937212553985,7.425037830928144
0,14,5.038649798895959,111.46265455032744,-4.060408163501184,1037.5039412733577,6.274707602456434,20.062871450970437,-40.94789788171094,7.888615648423039
0,15,5.018754370010295,104.0918888392766,-3.530672877658798,999.0032176251526,9.926264837078335,20.062878867681466,-38.1134285834436,8.024893973797882
0,16,5.004941485187185,91.51398697220718,-3.7613750987105607,996.8752662755969,8.457844563746612,20.062681080768694,-36.15757198857501,8.285193824989749
0,17,5.012512080352277,89.50850356829287,-3.4777270525423454,991.5504673657434,6.135699469599104,20.040209866548373,-40.45945273887725,8.134160684093928
0,18,5.006431295083059,103.53090257857234,-3.652868283571983,1011.780113838227,7.422158027057546,20.045810911431232,-33.185671144193236,7.7876839268732425
0,19,5.042535285629494,111.97768616136246,-3.5946172567598174,989.5525572357358,5.8927865650462365,20.038046814523106,-43.691232039300466,7.502444744346166
0,20,4.995253520848587,91.26198189495665,-3.426040894546652,1012.0156617756904,5.147364233551775,20.0415200101099,-46.35026835271178,8.015938269687688
0,21,5.019631268659527,97.69856101597207,-3.6166246280329837,1021.3535139277708,6.29963415897828,20.045517112274705,-34.183214960552974,7.685304756311328
0,22,5.012505994130911,94.35051314744153,-3.116764680851632,945.5109268076097,6.6411062398238005,20.024059526746885,-52.78874440526325,8.883042317472801
0,23,5.035004812163455,97.47868519263208,-3.38486140111109,988.6026848865943,6.752813463158397,20.063302240568678,-43.578038939517015,7.697732542846634
0,24,5.079664924305654,106.42413458461493,-3.5657175564674635,1038.2152472126697,6.2074154743467505,20.0508267290607,-43.37683627418129,7.475800793050258
0,25,5.013632506632477,81.84783995871967,-3.6882421028661887,1013.4441247139388,6.124677609606443,20.0477476692225,-38.09014884137936,8.474986789582294
0,26,5.0316782102985576,111.47194104309138,-3.866643749741301,1023.1511284938871,7.457323768347039,20.042528057996456,-35.45178100708857,7.52759496501339
0,27,5.026809611399495,92.05509158438923,-3.0810796064854413,986.7996740473633,3.3738564986278905,20.02651740289905,-42.774579750154835,8.080297919475685
1,0,5.032205649053469,90.37415891127439,-3.6891736064452956,978.2260475548319,8.058910089387473,20.058868955167398,-48.346096990489315,8.805672212175896
1,1,4.96068319448003,87.92617259481905,-3.3399152837128865,962.7584767266313,6.747911033603015,20.02884259985956,-39.05342150738128,8.012002053934156
1,2,4.857509257937163,70.71278542298364,-2.5705173616973664,899.7972560724858,-0.2229073255471674,19.957088847961728,-47.590511263221536,8.711373564913927
1,3,4.915945022949801,64.65746349009314,-1.998631440839529,913.4838062129343,-1.671697076036541,19.947770831124306,-59.31811429329197,9.030535959952257
1,4,4.861136399777365,65.09764022056646,-2.1163663088243285,863.7675655480153,-0.6088869150742816,19.954769899533254,-56.43081723111981,9.127730495019394
1,5,4.908910372431904,63.07920165432975,-2.339443900779845,897.6715677732752,0.4473809344541452,19.97735097400772,-48.55302722312063,8.407469129327207
1,6,4.849657668509443,58.43991131925411,-2.1390098710820675,910.0438235441068,0.632540148357708,19.946705047955245,-54.188429200776724,8.85480155784831
1,7,4.860294886942884,60.21386383122084,-2.2842314564198825,907.7999843788051,0.8377585449476641,19.964540753261634,-51.80944707844828,9.409008050415665
1,8,4.991183936701132,84.5185588990029,-3.3693662275018856,1009.1334041963895,9.377085373785723,20.053141413171378,-33.502704378141104,7.542544359859649
1,9,4.968811279414832,97.03406607613354,-3.314757610717097,988.6417264481088,6.733300359551904,20.038956654807713,-45.47674973785667,6.842989011132387
1,10,5.053105769154389,106.82527137676676,-3.4854659178852336,1004.7473992358655,4.8436667257209844,20.04617029283716,-45.973094943308205,7.775568166232547
1,11,5.025006540339543,100.4937700215941,-3.6764415770560532,1038.9351033545934,4.56018684236,20.039593182459807,-39.43950781510546,7.370839267191407
1,12,5.023638513184136,83.2683621008887,-3.0536462367496493,945.47123919467,6.80126872650403,20.052879991880904,-50.68291199520335,8.935704750848776
1,13,5.004555479450249,89.27340106983024,-3.37441841585341,1031.7923703307029,3.6137431871769525,20.017556275161187,-40.155928086277775,7.6544325434026055
1,14,5.0310097621173115,115.01849784447226,-3.903292779462301,1044.064190665337,8.244447755398799,20.06366996959597,-33.376907385272965,7.983540784960448
1,15,5.023029181880301,99.67443399552597,-3.3136654109249255,1002.1150508530442,3.5973212777459924,20.039248897842217,-40.18624015789757,7.931599957780617
1,16,5.046235960181628,101.26593632836963,-3.4476309523040376,998.6741778643953,6.900457025081035,20.03963627376117,-39.81379138876308,7.42660726418439
1,17,5.065147938884037,114.34464144614711,-3.8795112329356307,1049.9952735969596,7.913157153129769,20.058307555274304,-44.94758522037419,7.646002552600512
1,18,5.030978688341475,98.54223272237576,-3.4358322692034675,1012.222164939958,5.910699059089668,20.038767017997547,-41.4413921394805,8.432879891619054
1,19,5.013608398508373,108.04196467839964,-3.395107276521994,987.2960265387628,5.178166553390962,20.025274941419035,-48.757853385061516,8.28840944439171
1,20,4.990464296277755,93.41784050182505,-3.4770871639875764,954.4429263910667,6.904254998732113,20.037131967966175,-43.62412414126349,7.990610446201124
1,21,5.06294469511527,96.73535551038533,-3.531468286495187,1011.609048967057,2.8077382610988675,20.042188727180843,-47.371268152438006,7.414166722080125
1,22,5.070254628931316,92.87826588210048,-3.5687051778012537,983.0352126861023,3.9819301681610697,20.03786047946136,-56.26568775761279,8.274174503025561
1,23,4.99485737618607,112.13673711427253,-3.489309522700404,1002.2870373345479,6.845319344058677,20.03461905331382,-35.873615694680154,7.421272404313701
1,24,5.013506174689961,102.61454064069395,-3.3289656690415232,994.9097149114227,6.199044898775687,20.041705539855922,-43.118297189071484,7.766521840927764
1,25,4.993610580675352,96.5855885225451,-3.4553795251744197,974.8899193499442,7.464611935030992,20.039486756561224,-45.51503408402574,8.194995823551288
1,26,4.9961114555081165,95.12028910862122,-3.3540371238048237,985.1364210594783,5.732655872751125,20.013214760691177,-43.05600495274966,7.6202426480933605
1,27,4.999653095130113,89.40944500443861,-3.221636659665146,949.6644311963868,9.985908286092657,20.061001202002924,-50.65030569485789,8.595276803675526
2,0,5.07137395280366,108.51124660304195,-3.6463506473530884,1082.0794600152874,4.245113665836426,20.051278304102294,-45.581906841647694,7.819539426431327
2,1,4.892343489970912,61.273936853577986,-2.3089744777305348,927.0258591287004,-1.2580660204837522,19.955066703720806,-52.99933574555571,8.726735937940767
2,2,4.851430509351609,66.40656846218796,-2.188812495093149,921.8571697693629,-1.7323447330967134,19.94010579072232,-54.145808141351246,8.393283270659243
2,3,4.844138510564386,62.80057222921034,-2.197041490734751,896.4830023483365,-1.377843468072238,19.9419829577127,-56.33347104057074,9.119331513759205
2,4,4.877188617011755,74.32483484227973,-2.458121862789384,954.8020942131213,0.06094319503420555,19.96067453139705,-47.88085439009277,8.434749237656321
2,5,4.882585636443022,57.55468512892149,-2.515335356607555,894.934865172984,3.0360168136540047,19.977955904105936,-49.245147213057656,8.785327810375213
2,6,4.847223945433552,53.07337765552362,-2.0530209823467365,893.6243782725279,0.549828382049963,19.939071653401772,-50.85063644998855,9.096065185008054
2,7,4.910479163182383,61.71610045179714,-2.097592198886131,878.8640728807493,0.6269227143113228,19.973913881363792,-65.64374697517887,9.2180928436216
2,8,4.883308380157876,67.89129423514007,-1.938517425065865,906.7191604212182,1.6867410545676844,19.954685899227854,-50.41785087568811,8.265462438085422
2,9,4.9542362934354225,91.91955341126943,-3.2317876513637214,972.8311773602046,9.372281944303918,20.043936398062023,-41.88706616912967,8.128086426185547
2,10,5.006478585442456,105.72160149619178,-3.652312615839873,1049.2301367674895,5.631391870828308,20.050682659986975,-29.022521938243194,7.034731887888832
2,11,5.024672608339315,96.7630229927354,-3.2719812610575016,989.2226247996797,5.883936655466093,20.051187917162405,-43.812361595934405,8.491372559471397
2,12,4.967977435244134,97.16583435885632,-3.294366155855606,1042.1971581813104,6.404380236130375,20.032318488998186,-39.866819765471874,7.478235398599316
2,13,5.016603156492692,91.40329357151586,-3.0279260140661326,1014.3216689967943,6.0972374255773,20.031806424171236,-42.129423162966916,8.900218135520111
2,14,5.065134266286172,104.0517422958448,-3.698541029951291,1027.1873417668357,5.234618502429925,20.052014739190284,-43.19429957890707,7.672924676877242
2,15,5.014561623082777,107.6964642992696,-3.6049938864020685,1037.1418483802622,7.49294360765413,20.054498541638004,-44.45521637480209,8.219238967434283
2,16,5.030785026589151,114.14669412867345,-3.8603213120712647,1012.3007892712279,7.301535247658251,20.050237853522532,-35.589527502719434,7.883995562625312
2,17,5.01247432153535,87.71218673455533,-3.715894008291215,1011.7007015927863,9.041412670560218,20.046969742003164,-36.755994124642356,8.200313960513219
2,18,5.068111297897792,99.68838838580805,-3.521042642250931,1024.0418952699758,5.485628649546262,20.057482981239033,-47.27390357602252,7.858479768622271
2,19,5.030021025752964,99.73266719103577,-3.3647435892728605,941.8539702142681,5.1591732817264795,20.036177945728905,-48.34334134155174,8.751126363144285
2,20,4.982617464428709,94.49009352228614,-3.2915839079721523,1002.8866255398119,4.979597699262861,20.03986520684536,-46.21112896237182,8.457075796935971
2,21,4.989130461804052,95.44547945737916,-3.1074083481251633,956.5130372542108,7.461384308508627,20.044833811999233,-50.127981411865335,8.561698709248935
2,22,5.071040354859475,99.68641552920512,-3.758742419198518,998.8341967274866,9.697815917131669,20.063942458941867,-42.11616998718353,7.823491477913435
2,23,5.006102601611148,103.0936410839715,-3.722520667424662,1032.9625009297415,7.245662184077214,20.038813440628658,-39.15994998082259,7.5337836737651696
2,24,5.00723737761527,95.27861807315527,-3.225040055262014,942.7686351964734,4.862704788509232,20.03325631282881,-46.28066330632723,8.450987230804254
2,25,4.999659063957112,88.66566556651743,-3.3534958573111604,985.1976875845218,6.222474914218163,20.032814406563507,-47.25998051181127,7.961651295454352
2,26,4.999501952388282,101.99913065095949,-3.435140652669195,1000.82968992613,5.6923922363922985,20.052587770685186,-43.54849387463027,7.831582358640982
2,27,4.981059569794745,81.5729847560564,-3.3946683225828327,958.6568187284474,9.950817688607104,20.040093740010846,-43.605072955231826,8.04906134409882
3,0,4.9234241271724315,78.37791409395058,-2.4115669396364767,963.0738029303275,-0.9853768262781211,19.975970112854693,-40.19573748160079,7.3988111301789115
3,1,4.807396570366858,47.7052040121489,-2.0810660773492105,949.169744367279,-0.5599894879251004,19.93574202638272,-41.369177404101094,9.188588378349511
3,2,4.8493564858412865,64.72007030745976,-2.1045874805585587,862.9143193315786,-0.5931048316698173,19.952173724441995,-45.51530503543826,8.816829892802135
3,3,5.069856018999725,101.51855243529008,-2.192656577662759,921.5126834419921,-5.882544441943461,19.983105283910742,-77.61333439818078,10.062061739920853
3,4,5.03206823413748,95.08770843534342,-2.296717144947002,909.5832656904556,-0.8453785432598965,20.000734924728583,-80.54008128489573,10.434871847471458
3,5,5.035168269972191,102.93832964477019,-2.308725169134916,909.7812139796509,-4.631856812323666,19.98508295379892,-77.06047184076891,10.187830415853721
3,6,5.054737682342021,108.0760623501667,-2.0916509445582747,923.0603198326779,-4.752312150832152,19.988344385579953,-80.73164445837632,10.389977364605711
3,7,4.875495492377912,73.66609783418578,-2.181293771651295,914.2651202916753,0.7365986710584203,19.946165070433686,-55.39954270265939,9.126381152288937
3,8,4.825790533398276,56.00122716530236,-2.007490648773743,888.9962379796243,0.8256701697214037,19.95354112323878,-49.70520440014125,8.7555432823138
3,9,4.851403702342464,65.29880519488233,-2.5599026932028295,907.3024652545416,-2.2274933116664366,19.95087666539501,-49.099516287482416,8.725270691817883
3,10,5.055894795436737,109.08436995760007,-3.3046352076313905,971.3395117645654,4.203964623622004,20.03159787166861,-49.41353200247392,8.336865036142433
3,11,4.9819351869752575,93.27202007630184,-3.4464963846657626,973.50601934983,3.8843957719494777,20.019623796701435,-47.55981169604511,7.949246875433993
3,12,5.051111071708081,113.43717991534298,-3.7656105687031163,1063.374110831196,7.687342576163112,20.06189614669564,-34.9275685662168,7.300066767766247
3,13,4.993505784167646,123.83581765447917,-3.49913659965053,1037.2264731021519,4.414592355574866,20.025370101200032,-44.334230824536235,8.492862324906728
3,14,5.001710812411917,95.06231603844826,-3.450580927621516,1006.8809676199663,4.853040218764955,20.017733815139206,-45.69312854741144,8.37787256093881
3,15,4.968691685796955,85.60852332909158,-3.1763653635272235,995.3457168830757,5.987441104164483,20.019321376209337,-36.64698998429027,7.9633288084883365
3,16,5.046046381376105,93.06037042332433,-3.513979636404372,1012.650246450008,7.367257756712866,20.069196670156785,-41.13718331511513,7.99402974194331
3,17,4.993196956052345,91.33626840254274,-3.4472647353810615,973.5607583703704,6.257715176378273,20.031077762242205,-38.701791379435626,7.826867606180954
3,18,5.07080171300091,114.17728760328475,-4.118684599860348,1077.4168321239456,5.715543613874954,20.05025640530469,-30.48580944320028,7.1361440639424245
3,19,4.9845047175099815,91.94715621963542,-3.1524288076080738,992.4177375032788,5.003714524773284,20.01302739513249,-45.527180579902456,8.87353304399256
3,20,5.0142263922019,82.69262770483772,-3.455948491678214,1003.1329647305516,7.261015396046396,20.051477834079883,-43.25968835033346,8.709185257371006
3,21,4.980251791686545,92.01685486444525,-3.137343998694548,961.9561361423481,4.369251646848609,20.019123187594612,-42.80858343324266,8.496644013816143
3,22,5.026552887219863,112.18140811378743,-3.7384297882801953,1042.2836886368611,4.28016225384204,20.043753139857383,-39.95780265537476,7.380274992867474
3,23,5.031684715525985,82.69362823428952,-3.25273207845147,990.1939260272856,6.209458926344333,20.032282350122287,-47.657061744281776,8.416811576091117
3,24,5.097688108753798,111.43781327119935,-3.572517772089923,1010.3475432645515,2.310048568485045,20.05358944593233,-51.51182684639661,8.077435191193235
3,25,4.995149174490943,91.35709852118262,-3.474112614763086,980.5901351005859,6.037173229697168,20.027797428404156,-41.591261692069246,7.940891269626459
3,26,4.996918006876534,95.7745864839257,-3.2314352990567023,1028.3160430756589,2.1962024979111763,20.031468482503417,-45.54658413768797,7.906798272217514
3,27,5.001845425376692,97.94124666456784,-3.1761276973868995,1018.664137555301,5.534088878175015,20.025312483598757,-51.313083106779786,7.937681178149891
4,0,4.880102773396372,79.8888267450438,-2.4267662129387086,944.7641438263078,-0.016165740727504346,19.96565850747963,-51.38259658801291,8.903259379226515
4,1,4.8178191361825125,43.12485351547664,-2.32962630160063,927.2448189737532,1.8567297372190805,19.93953851066948,-41.683761218029346,8.281652860504261
4,2,4.982503757958145,90.83310669734956,-2.2766494080404347,920.3265643050723,0.6023195918382231,19.994829428373652,-72.12626497348136,9.601618292912049
4,3,4.984540469829624,89.4919032764988,-1.9826339359041703,864.0439976324577,-2.9778772016436106,19.99155543616826,-82.15246750480455,10.33626280368668
4,4,5.013014342694361,101.86101167602696,-2.069978721054199,902.5026078196377,-4.7532677819275175,19.983915201907088,-92.12180966047272,10.739758210319527
4,5,5.014361404228648,83.61436504911043,-2.0305698462918826,876.2588236266146,-1.356318824887785,19.99876371496996,-77.36267369057565,10.743584163121024
4,6,4.987467319005224,98.48611045273259,-2.155928688487222,906.2984678920495,-0.7510492720528559,19.986539920365576,-77.57636362103908,9.707667681636908
4,7,5.00020615932674,93.43774503383091,-2.185936212665574,936.4577795815806,-2.9778450623236887,19.99098167992171,-79.05815481394879,10.120494449543868
4,8,4.9321416931053115,68.11971542090416,-2.610752518461582,925.4652436976168,1.134140711019615,19.972428866856884,-44.23691182684326,7.791712763160434
4,9,4.899582737221427,65.94821770046283,-2.4314017041684504,921.9182430861724,0.7912297654239939,19.98928925441137,-56.57097066053078,9.421125707040616
4,10,4.867771462837699,87.64202447768189,-2.382721260555679,928.9925268668779,-1.0090061135595,19.97048610882899,-47.857325495037436,8.835266510759523
4,11,4.9514363523989315,81.68625301895693,-3.1397124633691944,963.2531744406376,5.3115604479138785,20.01535315260374,-34.72784029624574,7.700576160524779
4,12,4.989301247078623,91.05214297056027,-3.788944819799975,1012.0832583677026,5.853106517143832,20.06073854439912,-44.38753657482434,7.6808963444271745
4,13,5.073706200084977,113.44696432383826,-3.7439265092335607,1038.9028411662655,7.209281783536814,20.046964694803894,-37.77893054503934,7.571063899811855
4,14,5.041648628751739,95.82729540869487,-3.46706017249198,1026.5085508336535,6.702089400847797,20.054813587911813,-45.26553233795511,8.386775638085757
4,15,4.961070777329204,91.14045645342873,-3.3740491574431943,1026.145557255929,6.230519969180626,20.035395133367466,-34.46238428243447,7.607080091072966
4,16,5.065460822384087,112.07858850954658,-4.169134998844923,1073.8723226673158,9.223385024369167,20.078931895340588,-30.460069010977186,7.116818876025505
4,17,5.023538004382742,104.30382309349592,-3.847231596879359,1033.1947837653734,7.451671997673412,20.04332249122381,-34.99990437244897,7.152756355736335
4,18,5.0005205963161945,90.3940856903317,-3.2976721591145273,1027.7096896280564,7.052135901720076,20.04259172237045,-41.35881920526129,7.564782397178997
4,19,4.990746595314637,105.46026353122774,-3.1560055201395776,1027.0994531972285,4.322796503086862,20.02621199688781,-45.63016902819842,7.9206240428626735
4,20,4.992202257091836,104.92200398207477,-3.564209965933883,997.3196389488411,5.856035289937618,20.04090436121924,-47.78138167777195,8.001009057376246
4,21,5.037022475362728,107.57793897678685,-3.99151634191342,1040.8359239004167,10.730946887838055,20.05212149654536,-30.76708419068433,7.6772970835423155
4,22,5.02704689770431,94.34479846181773,-3.1904514052935653,1007.2910853605406,5.692549787750348,20.03818202393187,-36.13220392989871,8.155816156718032
4,23,4.9990887717840335,93.09896121960745,-3.452330973858412,996.7902209087397,7.443730256979936,20.049348174530692,-39.69381317955768,7.814410990384074
4,24,4.991373092833275,102.60733541630216,-3.308691931220319,996.3281613879606,5.286647488033717,20.025765775000814,-47.6784381068585,7.763114350507344
4,25,5.055909577617089,113.19459921290333,-3.6369472733899446,1000.6204873386188,6.294649344051086,20.04510643910924,-42.5132752125738,7.591189198944884
4,26,5.110467063782241,120.84417312393337,-3.662281289163078,1013.8487280540096,2.808686374812069,20.051425840486555,-45.44049971524481,7.89227450778175
4,27,4.915997315909622,93.79785324380349,-3.1556579991929286,1015.2833551819897,7.030512619889903,20.02398252445506,-40.34018231677085,7.808659017000613
5,0,4.8970843107012385,78.97863381502992,-2.592638057932888,936.4227739098872,-0.8597561058104476,19.972325628321094,-40.632479784614794,8.494015642442802
5,1,4.913548927295092,74.07991819803016,-2.4510222811462707,943.893658112532,-0.3549215869360841,19.968212419469474,-53.05164645831557,9.129516810838059
5,2,5.060596194270662,119.15297309645881,-2.6314957553137566,948.2962042548529,-1.859390951842431,19.99318445525327,-70.1331644388361,9.127539176024548
5,3,4.973600817756997,76.25015421938889,-2.030639388558355,932.7188467579823,-2.8730693605990227,19.980737541275182,-81.63534132183938,9.987162056696814
5,4,5.062979975328666,108.918746852287,-2.178278461295406,959.5699255973819,-4.749310719393617,19.98483765607902,-83.61715761983068,9.896471923118694
5,5,4.993044331965749,86.84463190320452,-2.092553591885841,838.235915364892,-2.5584162890513347,19.987174485226035,-83.25639141050941,10.725550008980372
5,6,4.944693560336507,80.33358350654677,-1.8183225174790758,901.4601609356961,-2.081526680381483,19.972028244753076,-68.39040208650604,9.656475798479713
5,7,4.93574403628811,95.00140264565721,-1.9501681601813734,894.6942161295377,-5.111327861994012,19.96929796708864,-78.39444119422276,9.729287652459998
5,8,5.008211142711109,82.92801626208615,-2.0508290077348423,938.8190927225862,-3.822287401038141,19.979597340340714,-75.9592194387214,9.945995679967298
5,9,4.874424348709768,71.41787595070184,-2.2554061057354264,970.9188519443268,-0.45735349328308594,19.952307493048895,-49.57227228132598,8.11727114059416
5,10,4.874829705543863,63.82807453671813,-2.071620157674967,906.0953434191127,-2.156188540481563,19.951329457469686,-59.716307356943695,9.039909184030275
5,11,4.894110174295433,77.2748885053186,-2.3747427762146227,957.2370922350754,-4.187961244330224,19.948278620954635,-59.13079477662846,8.293165318070244
5,12,4.867543703679996,72.13769054352505,-2.4610592472123947,986.0720776153983,0.42936690092154794,19.963664200506074,-38.24278262774045,7.792539730927687
5,13,4.922790387869323,81.68445850727316,-2.3374014719544944,964.4883062772223,-1.769684517703482,19.960213742956512,-47.096358612426606,8.294921782158502
5,14,5.011566000624491,102.55376361116066,-3.2535403149604942,999.9790669914163,6.410698531434946,20.036910390904517,-44.03514573631752,7.515711343185641
5,15,5.090046278350017,98.38570221793964,-3.640039117041141,1011.3353242224204,8.505082707804704,20.075778285055932,-41.14853770312127,7.89551290583736
5,16,4.999210772212105,91.21461089272529,-3.3190316538790534,997.188236008581,8.099616526910173,20.028897421604725,-36.28721093531195,7.782776163496679
5,17,5.079477873721142,117.26735733792144,-3.650152516562513,1043.0249766678419,6.828345879172961,20.0656957696371,-38.11724886905435,7.803731020752382
5,18,5.012057692813385,94.65256233706288,-3.450721678673654,1032.4869980203764,3.6819695891954414,20.028753621328296,-45.509627350253275,7.513314381063073
5,19,4.975814620707117,99.4928678196957,-3.809733958278036,1031.8152149579075,2.939244644261266,20.031223892160476,-37.069924779017406,7.449386001754338
5,20,5.035042800845669,94.43951164031267,-3.882703266965187,1022.002684440439,7.450158076129858,20.049803995531878,-33.6323210685868,7.652300777119617
5,21,5.04716120015754,109.7327971231989,-3.574718931446035,1008.3225376681404,7.413251276848781,20.037176158746878,-35.90744469070375,7.167477445252234
5,22,4.996038137887558,92.93991212118361,-3.081757715094882,942.0297987833951,4.4823047858338985,20.0136521015308,-50.362740478666154,8.27456153494666
5,23,5.022056711474579,106.20552534761681,-3.644709736527823,1004.2554042795332,5.435562068674578,20.03999772920303,-51.903550616428284,7.481421248908072
5,24,4.981827685568832,100.0076231559971,-3.4617277679065106,988.1818351652767,7.6105132380345015,20.04828951389685,-43.072909858799406,7.9994190197039305
5,25,4.999132128799809,98.92464674331033,-3.1681231443101203,977.4068837370244,4.601528233401861,20.032473870272437,-49.44158517423124,7.941070930132947
5,26,5.043172890664859,101.34354664617904,-3.300531227842894,982.2672683470702,7.106794898247372,20.031412829966015,-50.56434342791614,8.075518019774115
5,27,5.032215055033001,96.25488534463845,-3.504756297462983,1000.0066477214951,7.72442379121072,20.03184867303998,-44.460223621234626,7.628564412733336
6,0,4.884901185455589,64.67862205701431,-2.1767320357971998,901.376742273148,1.0132559107676198,19.9651977079771,-41.654393755373746,8.885099298165986
6,1,5.026922628448394,89.91069374269213,-2.058859963152714,914.3855693211531,-8.286040824556821,19.960245048786536,-85.53942512564953,9.57754271953552
6,2,5.036100653207896,99.67591822882538,-2.2078553936627583,945.4992830477868,-8.251452649813453,19.973935975352806,-82.47520144062145,10.02230878473432
6,3,4.992796309332867,86.20652242973844,-2.114305230484575,857.91286135303,-1.4138991820460223,19.97857761841711,-79.11827256253227,10.203943887653203
6,4,5.037083483235784,108.33419382865357,-2.488685522484101,932.5073277040382,-1.8759232444814948,19.989130273783832,-70.60085490470799,9.978435386175057
6,5,4.968449276658852,94.20240709387018,-2.111290820117618,912.2436230220727,-5.004940932766386,19.973602104012006,-70.9487823841794,9.930888913353618
6,6,4.978554791208798,91.00342648860476,-1.8959759404233443,891.6644875212753,-3.2608169026674467,19.9741520215019,-79.20253265195421,10.569237823780428
6,7,5.018579847062415,82.73258585347995,-2.433049455058118,938.8178558149772,-3.8356437840189113,19.996184367567366,-72.77724578615837,9.742786446202512
6,8,4.960268052224437,78.83844328523647,-2.098948333235238,923.859524808617,-5.179125337466494,19.97679995763103,-74.50757259983274,9.873213219533332
6,9,4.926914589702979,98.8091877403388,-2.331776762757867,898.4972418531706,-3.598175460564848,19.979088065242642,-69.1466364303662,9.669364887791811
6,10,4.8987383931094834,59.25680838911837,-2.338848477179568,932.5565888335216,1.3792135634102392,19.974457493298306,-45.70740712897001,8.69220446656048
6,11,4.839883256582707,55.79950513931154,-1.873249331906433,842.2970186963028,-2.7579053172452843,19.93368817789489,-60.1645826537177,9.099896719526843
6,12,4.872876740283824,75.8828946618919,-2.569676030056613,929.508036154026,-0.5565143086583555,19.95339498116592,-49.103148101908616,9.112924287766479
6,13,4.90861071744183,72.44021922401485,-2.429460045986181,960.9729738723153,1.3025428958423153,19.978205844862302,-45.44554698183612,8.666075275134625
6,14,4.8644435789322396,65.41294315527344,-2.1753834113457264,930.2321112573475,0.21840328376530624,19.970509738856766,-52.67913469858907,8.811455724084786
6,15,4.868459306277823,45.422093566779424,-2.0212597711626437,892.7267982542844,-0.789677025391913,19.94592841432709,-52.66158494545505,9.514587907637145
6,16,4.8445057357496575,58.97831824921717,-1.9799882469060999,898.9572930541528,-1.1796743626783912,19.94543770219682,-47.05402564066538,8.78561020282568
6,17,5.013732364872996,97.96661588335898,-3.543898162981977,1030.5985810091315,7.953959135776209,20.03247365758399,-34.7819109337143,7.26259997524937
6,18,5.0090896136556,95.40273168342362,-3.257968463318339,1018.3125214489521,4.111260271302602,20.034621598432064,-50.92586096126604,8.245635366947372
6,19,5.031677438582887,98.6791445282888,-3.3912874227592678,1037.830417830863,6.612821724289213,20.04872130307463,-41.61228316617665,8.492862839925236
6,20,5.07232758703912,113.97936011557718,-3.3293559564417485,1028.3753986182946,8.565283649092704,20.053953015858177,-55.70314221257244,8.121015138856013
6,21,5.014451557542764,108.89438801236126,-3.599727890479893,991.4978443239698,9.689686424732368,20.047082907577817,-42.62562470667033,8.140581274605
6,22,4.992842473790115,98.16319898847806,-3.2414090384269394,987.5121899326837,2.8356049466537767,20.01313175943167,-42.8353064725773,8.127771229486022
6,23,5.055537231455858,125.82201837917225,-3.669194266337727,1076.993905080029,7.268496190454385,20.06839393120912,-37.15794924378807,7.19310025221369
6,24,4.9524848528423355,91.90237151274361,-3.0499844753567,936.7905092968053,6.274700145020073,20.01685570570596,-46.29956339532627,8.467338746329801
6,25,5.0073036152037975,104.10751917994385,-3.5512594114139455,1036.5300099693472,6.644638403047115,20.047254036316954,-32.98199639829329,7.179334805231715
6,26,5.053921427286229,116.63537959921027,-3.801709565439648,1045.4252848425733,7.692435369139488,20.053685282519925,-40.22304742724897,7.440653422325471
6,27,5.00631871590584,85.29794781960562,-3.1707024685907497,970.0441270752682,6.220240223547208,20.036536000407445,-48.293972481504376,8.333465033532448
7,0,4.8947525959163025,81.93002150681596,-2.4005254763162904,1000.8061154748718,-3.103251212755066,19.94830857257329,-51.177079443174584,8.34228722268794
7,1,5.0195670945031985,113.96697436077143,-2.6247200244490196,979.8639249812845,-3.0360612030239986,19.97959856629258,-63.067343419040064,8.686841547487855
7,2,4.937805970125108,85.80947218252027,-2.4775422417403354,959.4709449730308,-2.517359192769734,19.9859060081478,-68.68535040530719,9.665811403144927
7,3,5.007727514382096,88.01101666563078,-2.081194367588223,892.6005297100709,-3.552344486313548,19.990056874304823,-81.02032930281737,9.965251536050118
7,4,5.0131352392746615,97.89360699792957,-2.2203586463435885,931.1230728370678,-4.44773683372258,19.9673686288945,-76.44209671784489,10.075394229716883
7,5,5.072020480248559,116.2576038729849,-2.6014032521661328,907.268418134324,-5.598872565038405,19.988734375566185,-87.99119961507309,10.068015186769836
7,6,4.982979005005609,95.01973814897251,-2.3267715168517458,949.0938420074524,-2.72724738797006,19.98167100789419,-82.15126220123813,9.510805590854819
7,7,5.013461180698405,111.90135127415567,-2.4625365909021526,919.3916047938194,-5.877682681421338,19.972205205687988,-79.77365118071926,9.543426662455527
7,8,5.0118483033773655,91.77382024305061,-2.1988698293216737,936.12228198961,-3.411091170474696,19.983699843035158,-77.7777894254032,9.986486682572709
7,9,4.992468456905798,110.2250030948854,-2.231894307854327,939.6555202467615,-4.166897900755162,19.98388815830047,-80.14563521765527,9.538034991279996
7,10,4.956593815354523,87.42589444792296,-1.8771469445628204,901.4469371242676,-5.722791639897506,19.954042006821428,-82.78334650681175,10.112792347305628
7,11,4.957017244647016,95.92233930756727,-2.0764220400210345,930.2753345304728,-2.3761629848467454,19.983690981559864,-78.07087336746329,10.274259743133726
7,12,5.0048238173478,103.52024145078363,-2.3548071058799085,949.5449072587256,-2.6906655227711234,19.979035347428518,-74.50468115873858,10.00600476316519
7,13,4.983278968425093,91.55458087116331,-2.149685745554754,927.2486567595614,-5.325563191380998,19.98322926890235,-77.14574992465496,9.504203552963983
7,14,5.018900999714647,94.29581911218112,-2.1499379120871174,926.8641355575286,-3.4128914147124307,19.966611848634617,-76.39140574091644,9.894658024575982
7,15,5.024902218654023,93.03724403065462,-2.29611113066896,905.6285617623586,-3.9311414650489356,19.9599614640978,-79.49525167502301,9.827531463017978
7,16,4.8375711749055235,52.33074332822863,-2.051069746198934,885.1938873959556,1.1333871182373476,19.938980718816968,-53.87605403699952,8.956748448400292
7,17,4.921387924463924,75.9773213235296,-2.577887710108357,960.594578532683,0.909997376074703,19.95982041531639,-43.75864039631453,7.75315794561796
7,18,5.061987951482448,101.27364332202265,-3.8430731593288967,1043.9374776378627,8.533027080352896,20.05849842263997,-35.68635551110317,7.3590124154691505
7,19,5.123653805889327,111.91430337960959,-3.9553668295276196,1092.0926206744125,8.343216323420652,20.086182328916593,-41.871568325767115,7.361453666246336
7,20,4.985427944565208,74.20892016711457,-3.3027571127097843,918.4455998246483,6.597560205010426,20.012514916969423,-40.18778465317152,7.557243172530815
7,21,4.998497293721292,93.57607083503817,-2.9433844279376133,995.7361975288889,0.9517786261602803,20.01273724638356,-48.11428003612123,7.987284727931034
7,22,5.038451722811081,93.79500131506367,-3.486871177826583,1010.8429161241048,5.432210860909801,20.046133783327573,-48.242802349065386,7.914199514785441
7,23,5.00236500439365,90.54281317269171,-3.6444801073466087,986.062312838058,4.446378514838108,20.043746206945865,-47.11991286238685,8.207198883460153
7,24,5.067182434046827,107.95876992277795,-3.5721092890191066,1079.0615930977367,7.45873887944804,20.055941394231937,-38.95761164376895,7.904980362386052
7,25,5.021165487633816,87.7746325141372,-3.4407208061581884,982.0334549138215,6.239455514573503,20.034520009017054,-42.473300751268845,7.926822193242757
7,26,5.0664504566736746,104.51639731249782,-3.962204814215767,1047.6524368523378,6.069016975106725,20.05300931401764,-42.97326931311238,7.438180068073665
7,27,5.077446527997529,121.73167647205175,-3.7351766150705794,1052.1527793927416,5.315438431458573,20.034743254894156,-34.05683217195747,7.1846431509454245
8,0,4.833758566063351,57.71057211078447,-2.2684287602545257,927.8395651057822,1.7467622745156657,19.965536236049623,-43.23565808408091,8.457422143293144
8,1,4.923979586574764,64.72073522872176,-2.5447247765153427,946.435421119627,-1.2069775197403156,19.97019184671644,-49.94207999566369,7.952953181952219
8,2,4.941245260865347,96.29822127334741,-2.222962882641281,890.2620887082569,-5.593724491182949,19.973286777989973,-79.26922004063508,10.029392745673531
8,3,5.0083465206095195,87.21309823875139,-2.5942039682723617,897.6066364457445,-3.243798414791294,19.980397247346815,-78.39965316092582,9.909913135473209
8,4,4.987526907260054,101.80480880694785,-2.2377272391014165,899.5861883440073,-3.4243833155559975,19.968555749311268,-76.18689650571662,10.0942481579089
8,5,4.978352993203638,87.41746600402755,-2.0108664312715447,881.5477654467428,-2.676391819069308,19.986768761250516,-72.88978302643818,10.073237985909408
8,6,5.08284036938274,105.83639033884901,-2.640587145567754,937.3371851276146,-2.526243231196996,19.991958452689843,-74.86953365861304,10.007378996783553
8,7,5.016034671314534,99.70743642965708,-2.529101967658461,952.8500698209693,-2.6340228430841326,19.987980995288783,-82.75929762169599,10.21834261944399
8,8,4.951089812619967,77.57308298416581,-1.9091964387379492,881.7607047259617,-2.4848103515411197,19.97715747889385,-73.68301025640496,9.843791038924053
8,9,4.992241129219645,86.5056951767693,-1.9787522230461643,932.7428846422307,-3.604396310792951,19.980219940737896,-86.18538965327893,9.897135056041902
8,10,5.034538826049631,97.33490927872887,-2.0748336066359028,980.3260301445747,-5.747751002361442,19.981201892224046,-80.73876326712106,10.137809555624836
8,11,4.998682836853715,84.79488867729275,-2.0204846886954337,905.8547085865881,-1.3374224525060388,19.9960714659745,-83.30203807044079,10.869309848816352
8,12,4.949579516381694,83.65285164454981,-2.38970534768249,884.1446273303122,-0.8007242479921465,19.979820152662207,-76.90135920118865,10.043699106895254
8,13,5.03237044928041,105.26968155759747,-2.3919378631944648,912.5235123829787,-5.448876353388332,19.9682080724833,-76.74614793320022,9.411092255876092
8,14,5.002268393559259,93.07924341985166,-2.2368372674124073,909.6087293304988,-3.2899105986297363,19.97687159364079,-79.10996136696792,10.254331926736043
8,15,5.014516797462912,97.67193456428919,-2.2745967529121978,945.5415610389649,-6.065948397271164,19.97116844917611,-79.15544187334545,9.551723059211831
8,16,5.096143655424483,121.64205452182613,-2.914531744386026,1011.63428077661,-4.3249745151543095,19.99347845125286,-74.69971106460983,9.039862590083613
8,17,4.817727246185977,59.60826426183045,-2.5082145988922564,953.4764085816314,0.7324177566096912,19.960953060098007,-49.072061856769935,8.802809021817959
8,18,4.8666030571919014,75.01798353715905,-2.2743955978391415,917.082981476322,-0.38854133680827846,19.946405561231057,-47.79304297124756,8.19173361340486
8,19,4.861852997816197,60.75865871828865,-1.7463874200173575,863.7268022122797,0.6690091096306456,19.92877853920372,-52.91284208518606,8.374987156558106
8,20,4.875120229887162,65.77085840397838,-2.472815608298574,893.0319258770177,0.24146482298556693,19.933337614354944,-52.75280411139616,9.240202993548092
8,21,4.857256731912857,57.91152654686671,-2.375999761670219,954.5739331540676,-1.4828572548116927,19.95084614188649,-52.67504157400709,8.872860838239832
8,22,5.034737617519043,105.5846207500093,-3.9517049639075417,1026.3165050358623,7.888821525928048,20.04639875438487,-36.776560525880775,7.40299834524286
8,23,4.99403204917509,94.26357970350776,-3.5097141082877465,982.2990761254613,5.957749737108302,20.03089503858423,-36.10924512583739,7.407286246073931
8,24,4.9978135012101195,100.54091700155907,-3.6472555749252322,977.0482122002197,4.809978740730179,20.036588097405954,-36.9665288835031,8.009796082762772
8,25,5.024834210014666,88.30152570419497,-3.4298083938906365,961.4344369450208,5.235605046758577,20.028909369377562,-45.155172932419134,8.40601416157697
8,26,5.017763195292027,105.4324190261417,-3.6374490942921467,1046.2920522426143,7.974173195596251,20.04089245366532,-31.105427267667846,7.535372947754407
8,27,4.986308492823013,92.15430691604162,-3.332527126555054,950.3709541706247,10.304700769751296,20.050647042555184,-35.20899342710915,8.004125626437569
9,0,4.839321378684114,53.62267535455436,-2.4614102206460204,871.185371568951,-0.3337894270379814,19.95189440557897,-46.81070375334334,8.968984423486418
9,1,4.856538275828622,62.90030167920712,-2.190717308061681,922.0615570505149,-0.48367282198254663,19.94061133180518,-49.3906122004402,8.360440698921796
9,2,4.998650631604012,99.597387587273,-1.8287607402442156,901.623906640964,-5.2571854914778005,19.97111225655892,-90.3548884513084,10.90615599779466
9,3,4.98543411518955,73.22689805029515,-2.2606962001581374,892.4396973459625,-5.090957520365166,19.942358182931414,-69.71048916405363,9.342358177826679
9,4,4.978503547976118,97.38461224250658,-2.002277076244219,890.6988055370795,-5.795100423927528,19.96332154028826,-81.16978958775039,9.840967760494536
9,5,4.997611850558673,81.24063127977509,-1.9018582019851378,891.6790725293181,-2.1713123213818304,19.97567604559262,-79.20536617470258,9.860441914170705
9,6,5.025736772700483,94.14285352771807,-2.20898334155029,907.7552321643755,-2.961452428837663,19.990588506485096,-78.23605946011794,9.813535671697904
9,7,5.017074653811165,106.52750012013213,-2.0609688639921107,945.528323856529,-3.6260201272531365,19.977545207144637,-81.68847710069858,9.77910009591076
9,8,5.030543319328886,95.5812518079897,-2.0476288458872167,936.900054975095,-4.564884588962779,19.971488025464446,-78.87257135586076,8.982566453923146
9,9,5.048537371400726,119.07189260984056,-2.59764302365809,968.3276865994322,-3.523560742435775,19.983304070520454,-66.25785925804985,9.32698213399396
9,10,4.956247561575999,83.87779894976424,-2.1241122281327183,886.2544033979563,-3.071797868276078,19.969484139960816,-82.40758507870702,11.26145981444322
9,11,5.0124776416640175,83.44834881596636,-2.4424751300804433,887.0963602086761,-1.330727975858241,19.989160940350672,-65.06049463691382,9.44420703342894
9,12,5.0144745871515,77.68571432678416,-2.288285657254917,857.3973211368823,-0.33809286327935617,19.9863925011183,-74.95648351880149,10.780844988719773
9,13,5.018682958438032,103.08739365840695,-2.0734384912952604,893.5482370753946,-7.869621827282904,19.966078279284876,-79.49777762271958,10.105536277924879
9,14,4.954421301142894,75.83904565834115,-1.5277168007317379,850.0409752685562,-4.671868807396597,19.958287365152007,-80.32687246252135,10.010845320834557
9,15,5.034152695709124,99.64418242239832,-2.5119857125190226,934.4382858221657,-5.248734161261463,19.99402584061204,-79.69403210360306,9.682717764608935
9,16,4.949768633003841,85.74877244891768,-1.8923819746727362,880.3997789652294,-3.455718621347773,19.962078806968787,-71.39357253771516,9.81673310933782
9,17,4.84180268818405,81.40868672788588,-2.1189095545922596,939.2802676183362,-3.252216529577033,19.956702803992407,-49.814499804552106,7.760603101311709
9,18,4.876632695824359,80.80740304660091,-2.494192507502106,888.0151467142056,-0.37790309056055155,19.956527096215797,-50.253305106882316,8.251123003075413
9,19,4.823754159809246,49.54644638083455,-2.086750897386299,872.324578642157,-3.4135135241439696,19.94904098940649,-51.531881825003744,9.240616397762963
9,20,4.898751332479715,57.3564729427506,-1.8249112741994125,889.5344083888027,0.7606670442664522,19.957337059840317,-55.30216384672282,9.167510964764425
9,21,4.8811370726523675,67.37293541589867,-2.5518409308883574,934.5579524173368,-0.7986924791367996,19.963451612038696,-51.32338714211121,8.20937075234208
9,22,4.893100098057669,57.59430583641171,-1.9103043014866798,904.0414065359297,-1.8787025271158377,19.942727274028726,-59.811733822765106,8.82842529982766
9,23,4.952426677047699,76.90725429981612,-2.3102899533069645,935.9620267697903,-1.4100511550157624,19.958299895768572,-52.724512069069675,8.538506962922185
9,24,5.062541051985619,100.6798147339084,-3.3629487595403007,963.9059214140464,5.472307467292264,20.034467154943172,-51.06560120913406,8.56573473058755
9,25,5.057061863214034,91.64383455309934,-3.5695711798030487,1051.2077860676918,5.68210112044323,20.044961064052885,-45.65520748329351,7.4706327196287905
9,26,4.991367876096124,90.38658843818351,-3.2897455796642925,974.5168602059052,6.005603145457956,20.02978752799499,-45.41779448696371,7.430388547145205
9,27,5.09066917448601,111.20230089372255,-3.8060805827450856,1022.0322366563795,7.388171939320887,20.03671696860648,-41.58022735828051,7.809663498727715
10,0,4.845897282302891,68.56269913306137,-2.180300161400636,915.7218284759175,-1.5255400512310735,19.938120531749,-46.530351555774395,7.844054007223698
10,1,4.836025565692749,76.41507870411289,-1.9558620035573961,888.3315424659654,-2.450047040311751,19.931371488040263,-57.33056044759204,9.218555226530636
10,2,4.92449455251273,79.54941498674305,-2.141385099931157,887.0812287217409,1.0924675280127834,19.974280913795166,-51.58679703298877,8.583357745768845
10,3,4.9947114197608595,84.93317731432684,-2.327331255523622,934.2582365185473,-3.376879231226681,19.979617384916466,-78.22693462558269,9.749210955185367
10,4,4.970206921790705,87.37370773251276,-2.1831019455277554,884.4894489413451,-0.9411622648162927,19.983373975473228,-75.24108092718663,9.820875868264439
10,5,4.950242552311965,91.09195765273178,-1.9748447643570877,878.9518824242157,-2.5569835737069746,19.9638714654104,-79.86023729432225,10.50164496530634
10,6,4.9745725168820885,85.03941299208466,-1.9094281182274093,904.2279882718494,-4.572278439264362,19.964007619123258,-82.47294364790753,9.789919811201809
10,7,5.01320426597155,94.80862622787672,-2.714697851806997,898.8251321848951,0.12771313541852775,19.99157561548417,-77.11059722112964,9.901242763058878
10,8,4.9654260194257045,91.30015150067469,-2.222900286012497,895.2306099039332,-2.064640683974525,19.98618276594637,-74.52074082695253,10.12145106346187
10,9,4.9801144098900405,94.30592124559544,-2.149686191852706,900.3198809952571,-3.2539360329752727,19.97871584746601,-79.78875849134536,10.200743887324935
10,10,5.066952285072124,99.99011532106002,-2.611939006668129,940.2329754426896,-2.801535223475942,19.996159341965768,-76.17323486997662,9.889176112108231
10,11,4.98509880645308,95.45519804933375,-2.355693092450025,914.5611351343534,-0.5861358078526162,19.983850735076754,-75.86764812590116,10.014389468426256
10,12,4.999778330019599,92.23265892743191,-2.2224587921609973,912.7071591826015,-1.9864924956118142,19.971070125236857,-70.2894372918847,9.925299168885221
10,13,5.009664496588208,98.81043054492265,-2.1511951253042514,898.6729361589117,-7.145901378579656,19.964443088192702,-85.63958201134704,10.359494961649993
10,14,5.024464456894251,103.26992073901133,-2.7480574033372362,956.8896229405183,-2.406201857585017,19.99144075975275,-80.80059251843164,9.836436406594473
10,15,5.026164114134669,94.53498791158584,-2.159980751727549,942.1828651288654,-3.022662843159467,19.99323882850933,-75.50383301738685,9.545475230144557
10,16,5.037550698943803,117.22491466428828,-2.3589718335580834,928.274468132857,-7.727943522281739,19.98488640485761,-90.695984839544,9.729076599209485
10,17,4.920267524593475,85.18008845458222,-2.215689304550154,950.6414866477576,-3.137028272038258,19.948177167622422,-47.86183240915877,8.018115828405504
10,18,4.895389522636384,62.051061698184704,-2.384483463357771,909.5946691266771,-0.6344039250898712,19.947535542720562,-50.56774101939202,8.372097053392654
10,19,4.88842870631568,83.12983298596521,-2.7068471525700866,964.1698289755266,-2.2684434532743816,19.96917250420991,-47.4950084591397,8.12260179453065
10,20,4.921716927819893,71.66387671489186,-2.4668397552338805,917.5439414420111,-0.10819709642421117,19.977439804716646,-53.80933716929368,8.671758787496355
10,21,4.873995026892347,71.49746373454981,-2.1296435709307024,918.4637975836831,0.18264758465847658,19.952692052279012,-45.6544304046009,7.548435623787789
10,22,4.864964013687539,60.892849324178634,-1.9809410089606563,920.9275477604833,-0.901802000522536,19.944855367331627,-51.56350662177372,8.440294707962533
10,23,4.864760189222552,50.08145255548254,-1.8784240983973193,899.0323757783834,0.6948768851772629,19.959854365342593,-53.31919457163727,9.268337345136247
10,24,4.875965310046054,74.11708714382884,-2.3740576562382105,902.4459606087139,-2.0476381505852688,19.959111865952288,-51.11848345372071,8.15920182312941
10,25,5.034479228823816,101.26533243917697,-3.3681274885818286,1011.549107253805,6.816353005635903,20.035586996776278,-41.102598590873086,7.436359343508446
10,26,5.022699063118621,100.58951427633708,-3.6496128661025606,988.9868399937461,4.919818820421954,20.026928393312627,-39.29985883304778,7.680984852411194
10,27,5.102183997690285,105.29207085537215,-3.7195048579848664,1028.6476209140396,7.101931978382244,20.061326864794097,-38.128089030108335,7.635889706285166
11,0,5.037245452525718,104.06838275692796,-3.366638436594946,1013.9697490503463,6.116944884425116,20.04587832001947,-44.89294833073627,7.235747473381757
11,1,4.838936046352941,52.8357457220779,-1.9858454141838606,898.7909111176652,2.820338986488144,19.954488368666706,-53.59769513407479,8.833316802571675
11,2,4.8501377080256045,68.3631860744626,-2.3471818069615824,908.5474730066222,-1.7316749917285528,19.96007902914425,-50.36125535661003,8.781770224882024
11,3,5.018613609627974,104.29665332831284,-2.079137598752582,948.2329691940132,-5.287258351506866,19.972488570383312,-85.44450995552027,10.224554988044943
11,4,5.000053869284682,97.20053163945843,-2.2161139570823054,926.9846420571946,-4.65497853119347,19.96970512902699,-78.06957897067817,9.650655072018854
11,5,4.9763707710326575,94.22852928161743,-1.9014569072142216,885.668957520605,-5.629801111127674,19.974508115967037,-77.61851831582028,10.20543147439162
11,6,4.953376097448959,95.04143358882355,-2.4446680246429686,907.3864752472166,-2.409341360411349,19.979983960040986,-68.73877281886189,9.623134042401727
11,7,5.005103290994824,92.46404649492696,-2.1032001620521323,878.4254417575723,-2.070608703270319,19.969900501378437,-75.77217754508962,10.046130997345566
11,8,4.998076800415437,100.703314972687,-2.32832176170935,915.1104870432208,-4.531170603429679,19.962865303495587,-81.86769832666135,10.17104677864628
11,9,5.018381469618433,106.93083627488467,-2.782509796281721,917.9763285310494,-3.5830570845780363,19.99622506249712,-81.3511952450275,9.822011236693303
11,10,5.016126105851414,100.70263809771183,-2.5838864406554727,942.8493643410334,-2.766102249901926,20.01189015058294,-82.08135613503057,9.78282218834419
11,11,5.019869509653797,85.92323920418134,-2.2158422166961076,928.9422009714128,-2.4537613873512294,19.996030056250373,-76.86585075449385,9.861264965231626
11,12,5.029555862312967,108.42333636720441,-2.7019131572101216,916.4121661293431,-4.132953865592004,20.00194720622632,-80.66031969970898,9.488014582987358
11,13,5.016507549359188,99.4558580152043,-2.530467655693322,961.9997232846447,-3.224386879216998,19.9898680426213,-80.8564786297097,9.787709379981225
11,14,5.031570826782369,82.72362304017815,-2.0390397586889852,869.058589554901,-2.4662970022108253,19.98341675772594,-77.44848652055754,10.32866881888172
11,15,5.0416367157630395,93.85795546734745,-2.214708446553935,920.0772967574449,-2.583110918475311,20.00118684609807,-83.66765507908477,10.297990832906336
11,16,4.894512910699795,74.88890699422029,-2.4324216952862865,915.354207229021,-0.28686344092239896,19.966697977271014,-38.112123447865216,8.344087554252885
11,17,4.8908034821852215,70.78021831554025,-2.171750962433019,919.1478292139853,0.3311430761579066,19.96530123787657,-44.430181998288944,8.091866466824017
11,18,4.88430774721303,72.10591639092759,-1.9661101511485388,898.1860097665862,0.6773143700041225,19.959448807164872,-62.94219514414463,9.5253587929008
11,19,4.846744681602761,46.520851348797265,-1.954050827263893,917.6982281466903,0.49085278720188447,19.941002412571873,-61.33613081569755,9.72733658196328
11,20,4.863230806126365,48.822422106551386,-2.298495566107079,897.6172030713286,-1.3208374338197455,19.947081436728197,-48.379147787272586,8.016908669741115
11,21,4.833680327529566,57.38718817447748,-1.723912187390226,902.5304428132883,-1.4857983321064778,19.946537986729492,-51.557361117248234,9.141200348644691
11,22,4.930282215513493,79.38244464429715,-2.1708907374559905,947.9908498358989,-2.1759411798292128,19.97451563325403,-53.913316324983576,8.898233844870795
11,23,4.847887889632666,60.77026828578395,-2.3523981534331675,935.6577110113362,-0.6635791281659387,19.958160330669635,-53.14962560384002,8.876941104387345
11,24,4.876833917677631,56.24100875398595,-2.35524801662131,910.7691277815838,-0.2774785708881496,19.960568541363656,-53.347749051006275,8.662255603707868
11,25,4.8619730049289,65.66298439701822,-2.2951973062965076,912.2530462093644,-2.564492648062401,19.946528453213276,-54.8457687201671,8.524833907283526
11,26,4.826764486267505,54.16287774648049,-2.298121241715298,890.5739272272132,1.1276672040571485,19.940841538370623,-58.52006253029384,9.211546346079366
11,27,5.016299502243168,97.8272415467509,-3.4573534250036744,1059.0991358915032,5.52918595756662,20.030119533537512,-42.02218661029464,7.373552180586784
12,0,5.055621678472065,102.8342198997017,-3.450816415136502,1018.322283868857,6.466302608562057,20.05021963855272,-40.60345945999501,7.710620518854668
12,1,5.017388741587565,85.30421378793224,-3.7413459922988355,1006.3678193771011,6.419494825933885,20.049334300603995,-36.37154421748036,7.729337703577519
12,2,4.81190151770245,64.49165078087258,-2.016322615257636,876.5871053015559,1.2320329804082601,19.93565572063654,-53.44690248413177,9.294737465530325
12,3,4.806878383224102,50.88271156275662,-1.9605454028967195,865.3442427589935,0.4266883082496371,19.94121117196363,-54.36237456067075,9.339740820819879
12,4,5.0013522425160755,92.69402613898467,-2.238224489137274,927.6905294445675,-0.6003913905606738,19.994112587525336,-75.98101636680265,10.014807845532978
12,5,4.936534454382682,85.45215971985763,-1.930822378178299,880.9440750208137,-2.7161106082312094,19.978287061362277,-81.31097400338247,10.539572247143312
12,6,4.966580796028155,86.23566272023973,-2.2931589258656966,946.6019108483165,-1.05026646901335,19.99428157356901,-70.01825717074854,9.880215033609554
12,7,4.979181095040647,96.44360805040334,-2.271495516021591,910.1441681186014,-3.263537761819741,19.98132330882756,-75.76735855488204,10.102968123282482
12,8,4.982233768109519,83.6627842497291,-1.848837957021312,827.5292424662675,-6.336640870397898,19.973448803682068,-91.77304102782487,11.347992151294557
12,9,5.08855544910913,107.18163217015646,-2.3215769776747495,927.5156798156812,-5.363374153606906,19.978167019256418,-86.79890649351168,10.217368914829343
12,10,4.856501437989634,61.71636681708202,-2.1667987569765077,906.3304034544278,0.8198233436466019,19.950330855779356,-48.42317602015973,8.496895415045833
12,11,4.823625902880788,49.33333847455865,-1.7136354909021758,869.2752259914218,0.5500725069307161,19.93263072525941,-42.70279721747158,8.985214643944119
12,12,4.864520192069828,50.68095593703251,-2.4323893327707475,892.0233240853828,1.4015855001762259,19.952871517250685,-44.95386610216366,8.300030310655263
12,13,4.914112679451599,78.58943539227549,-1.8867696379886174,925.3486292491507,-4.038813648150997,19.947917702264366,-59.997786290073854,8.78330147968374
12,14,4.894604027641101,75.00574376336908,-2.1994747178372,935.5091674256443,-3.8312117282665765,19.93353858004693,-53.91235760707682,8.60992956700174
12,15,4.889584190541669,61.66852136395558,-2.223967338643211,955.1437575219608,-1.5650204011079005,19.951045403829518,-44.98339321257775,7.818357957000335
12,16,4.894294399009579,59.52834078134296,-1.7717815564468382,879.5131206534294,-0.11330990963171156,19.947777222472258,-58.54712410630866,9.14988457850851
12,17,4.939801617292758,66.60915101889631,-2.5298533043941718,931.5040526919121,-1.134426250612251,19.97301784458491,-48.958550993090576,9.04795288401586
12,18,4.904770273189162,62.93552947904464,-2.3467351324873316,915.4954094713783,1.7136373355119605,19.958270222837186,-52.58958861757625,8.971801701937435
12,19,4.89146509031559,58.373834406883844,-2.1936816053876944,893.3766232349747,1.1485360162098772,19.96095123633852,-50.42990609738706,8.933078474244427
12,20,4.93158536464431,70.17101955620939,-2.24229468305003,966.2416756729193,-4.504224629277809,19.960727319610378,-56.69178742666838,8.746468486005941
12,21,4.878695191440283,63.51541215691768,-1.9034886554841155,900.4571673750662,-1.2743367987312662,19.935211310251113,-53.18483553650614,8.446684613774373
12,22,4.886451455318203,72.51306580930338,-2.0642043035433764,928.9932718129361,-2.1891184212430574,19.961202637557342,-47.64763407522568,9.19543559613075
12,23,4.880540794840156,47.05416221283147,-2.072286006173863,880.0768684313498,1.9586868632807208,19.959842947259055,-49.83762822413416,9.262450900961051
12,24,4.870648264898436,66.07846653634851,-2.0145545038382977,939.2658167535087,-1.0681348379771491,19.9549228287537,-40.39056352383524,8.53698904222267
12,25,4.871629754612036,63.538374679554764,-2.5757114451667666,967.109383969618,0.9616844619285365,19.969834285677003,-43.01637120954405,8.479082538294863
12,26,4.812677036794668,59.81013537784438,-1.8401224351438186,858.6652613723804,1.0075317686126894,19.96057965419497,-47.980929404608744,9.088934576472061
12,27,4.861653688666906,61.75274869107214,-2.0609855391685694,905.852827473426,0.012779621632593177,19.941052480204615,-50.45265158468207,8.527511378057243
13,0,5.02148107369835,94.89314759432419,-3.3567065560794784,996.1507486907841,8.667782882723992,20.069297815467678,-41.465357269005864,8.266211049497088
13,1,5.0595649671770975,99.63954427471302,-3.6782557842396537,1021.1664295442098,6.61171582938813,20.058599299178248,-41.52948506777039,7.768368361011469
13,2,4.89726696604568,61.047999600252005,-2.1035075976993505,883.5708460960751,1.1866460083396317,19.96784586349315,-53.11772168266547,9.36063091807173
13,3,4.84494164539284,59.081780761087984,-1.9269351042505694,918.1539794867385,-2.364125110093311,19.94620042890277,-58.612064588853976,9.01788804584329
13,4,4.947303399550164,82.8473473578277,-2.114613730302166,875.0412379257891,-4.014488316199708,19.963556553216044,-80.69030084427226,10.435360915874119
13,5,4.949993027987189,84.4569957721051,-1.9165058013275196,883.7432314762848,-3.1912510433917753,19.977277489056753,-73.90571593711933,10.145272946676315
13,6,5.0277165399285755,89.01359876940774,-2.1386238477275126,920.9871053969609,-3.828835472006283,19.992919849041947,-76.4939537726515,10.00948629109888
13,7,5.017244933016726,110.26867269771861,-1.9834751174127327,916.7250436197909,-5.272288458843839,19.978296109052728,-84.65407147212152,10.62222257517487
13,8,5.018200548454328,93.67878281980654,-2.2744517197643397,913.6752115645006,-1.8766614186754098,19.982250001132726,-78.22424900650648,10.040922730927445
13,9,5.02016948934618,99.95687625832754,-2.6130250162585344,970.8222628384659,-5.137176659990372,19.980117564357048,-81.63741099278116,9.358923371564563
13,10,4.878175107555107,79.84963311690237,-2.402228640947936,967.9824109654777,-1.2127082236604945,19.97679342425317,-48.722892776256074,8.51451565357429
13,11,4.902825281230245,73.3830257116155,-2.4540358132902,971.1732699631625,0.2889031679180406,19.97939028714189,-55.66242354385162,8.269508300360599
13,12,4.893127399010657,71.8073699819538,-2.2678132027563525,908.0522391319214,-0.6205146075537855,19.94632257180905,-50.35622472794998,8.899729872390447
13,13,4.831392514910143,60.9688439839425,-2.5358661072588378,915.7732444854221,-0.6145510699806163,19.94721043206247,-44.93879375011956,8.785845675810702
13,14,4.880535437362605,64.15879215585508,-2.087460596517238,943.200873073321,-0.7255369893000138,19.954205909404784,-44.00836253769041,8.99955335449458
13,15,4.856048681596549,66.175918690365,-2.2981157892683868,937.587522053048,0.12717848596720335,19.956727716752553,-40.08470356075421,8.1555960347552
13,16,4.8330314785197,75.81500718306594,-2.1213017658856113,916.5025342729027,-1.7063215146124255,19.950710543501902,-55.6460208551831,8.46437209752909
13,17,4.864266912492179,54.4851626076811,-1.904722295838312,880.4813839258239,1.8755225991151308,19.944193187070386,-41.97439076483954,9.074850939657159
13,18,4.868498082125104,55.42001582640687,-2.0567382308806788,916.7253211784349,-1.1412003395410715,19.936477277201558,-55.444593445464506,9.023639464856986
13,19,4.850296788823972,62.101925314045374,-2.2224957634258904,924.6847408350646,-1.5775826073921286,19.93644203683209,-42.5515630616424,8.077012684151306
13,20,4.840655206424556,56.811889943696386,-2.375379704120811,911.892476595271,-0.4519785581761461,19.93355402290908,-44.52656008346636,8.481553954847028
13,21,4.817489549148128,55.71591830862055,-2.091751759572465,837.0517699762383,1.8736784430628006,19.934022880451934,-47.79848177450514,9.039327024509584
13,22,4.896057214808054,75.83691258564323,-2.311609240150603,926.002267458387,-1.1182542913688072,19.95671575869408,-61.699674545969806,8.729729116303565
13,23,4.871927450448124,74.55351778351422,-2.0416508448906736,936.221375771024,-1.370912098746281,19.95930378823831,-49.93539136348721,7.838485483466176
13,24,4.918953397938669,58.9240782725617,-2.304217995482567,941.9130749033837,-0.9878356353289987,19.98645580777716,-48.90601088165064,8.74490583128237
13,25,4.8851457495440025,63.546034963155314,-2.00198663073565,905.116441182833,0.021008909379381477,19.950547568870004,-57.169229136998915,9.312513960304994
13,26,4.942331249753755,77.02571926264125,-2.316213343700252,957.2692351050217,-3.0260785838797375,19.953356443736947,-50.44621469726561,8.580899781840953
13,27,4.882534226742753,74.31071860682232,-1.9066224842619404,910.5213935412085,-1.3309190769040884,19.937983865205172,-48.2856438361184,8.74439466546617
14,0,4.993180840944282,98.38574969445501,-3.7329248439212876,988.9070689184603,9.616763788690015,20.048625962101674,-35.18175132149149,8.46887414486297
14,1,5.0272397578922545,101.99566161278605,-3.712584676282031,999.2666150431685,9.632369585699532,20.050827716272725,-38.9264989304164,7.960521091537665
14,2,4.98929707880606,95.20540916579543,-3.75953329440883,1029.7245316927815,9.351018804915386,20.05417541909323,-35.84066715644914,7.511110857811646
14,3,4.841211955143791,65.86185507272006,-2.150488551655177,896.1127809684857,0.6402506439065324,19.955971599681476,-51.18138550800367,8.552339023963155
14,4,4.913372957349236,69.63112946750542,-2.062175076074213,913.9969086630123,-2.223256943921278,19.941776249305985,-52.508826576963415,8.872041908204134
14,5,5.033559833260457,91.48135453887463,-2.115708976477489,940.2381258604513,-3.50038607035747,19.983661242996757,-76.75450410987833,9.899691496370314
14,6,4.992417134430566,86.88525695584202,-1.9995896177143988,903.7527017881202,-2.083768733265412,19.97401817563737,-77.50374563709579,10.51997919308188
14,7,4.990570108913285,73.0344995347985,-2.1842469985136326,906.8679454065391,-3.78925900080808,19.98024728108373,-76.02216248149475,10.481611131736493
14,8,5.103555685623935,124.85888350183623,-2.700279381212407,1013.5640783356143,-3.2915860296825006,20.00826050368437,-73.93076892619844,9.137862731444352
14,9,4.842254662862629,64.55430544990814,-1.991539961015981,868.0400051497247,-1.0669725292781025,19.9342716039145,-44.37665194775796,8.415890810660535
14,10,4.898237688020378,62.574394240023146,-2.368397580235368,903.8082957752424,3.2326787568697486,19.984912829909277,-46.61152243131227,8.08801073783923
14,11,5.021483432991117,93.26348334526215,-3.5539347030437947,1006.5885930932646,5.631488589412243,20.015244886363686,-45.079504081093646,8.105603687252692
14,12,5.0596568975960245,113.75283054317453,-3.7094122976700934,1031.828472794138,5.565369144403267,20.045753450974036,-41.17089549334497,7.431675960905995
14,13,5.035699944011378,98.15059544329384,-3.732485621722548,1042.9792383196968,5.478915798456729,20.05017625196647,-36.48466894422904,7.030668818939428
14,14,5.006081434481689,102.90507565481347,-3.636487299179528,1049.6896048338342,7.79917507466186,20.04047296592704,-37.320532990308415,7.90592656565193
14,15,5.070222935381775,99.4758702970654,-4.166826111987094,1064.3894532785637,7.398858640793872,20.063679538122127,-30.55439933171342,7.2387990303374625
14,16,4.859953727761862,62.9489963396871,-1.806425702207594,905.5811696806313,-3.2316035011040425,19.936514418410248,-56.76976426859967,8.844303482742513
14,17,4.869015454516994,64.89828683988604,-2.3234372073662892,941.6996874638304,-0.07416200237492807,19.976044840288406,-47.85494012369317,8.99279321771226
14,18,4.918954158582185,73.68551005266414,-2.840800665698923,965.4091591529664,0.7445524053299033,19.995247828641546,-43.18695956344197,7.116871425802901
14,19,4.8362030791121615,64.68706708157241,-2.1370331968797687,894.0495403081251,2.764575908873896,19.9532755132809,-51.553614155563025,8.575386282568378
14,20,4.879746141320981,71.76009827538074,-2.1988228338883014,912.8406806739806,-1.3167873594444253,19.955202928397412,-44.689163094609555,8.634200875510198
14,21,4.870196880381888,46.33114809895653,-2.259143776087948,902.9553760983601,-0.6549562462910158,19.958953963742655,-45.033381223022104,8.340022833167806
14,22,4.850716377201104,79.45254760056639,-2.400227388894045,915.3706533371542,-0.8093254073259427,19.95451820751491,-56.37251594307015,8.654889866964933
14,23,4.829255619887452,48.25752936008143,-2.2495430756500125,890.7265657171234,0.635618622757419,19.944615994582602,-49.79732082426142,8.850753509556558
14,24,4.913507406195779,81.23685194225068,-2.083373392136461,895.4825224366829,0.2807769654055597,19.967752975525933,-51.85655949509413,8.345728189623284
14,25,4.850779600146147,75.9337595787384,-2.2176476093072433,930.8450992577084,-1.8648906182488911,19.94820791410184,-48.98640221599778,7.880138995244396
14,26,4.865248971199951,58.35292732796062,-2.2750180112071847,929.5700534903419,2.097263219877919,19.958318902284947,-48.06139829910498,8.914967903847959
14,27,4.896998476098065,63.39284839265672,-2.446531317648943,945.5371570108937,0.40598176451004925,19.957320860469594,-52.82854870530075,8.670443948149664
15,0,5.057839385536472,98.69830533188046,-3.5957445464670643,1014.8842206568501,4.883344301994606,20.034343595756678,-46.000465447463384,8.227942310968999
15,1,4.927838639083888,87.76424843812018,-3.2264505530319045,942.729762105924,5.462945112350306,20.02912366655708,-43.846815493344764,8.707415949443853
15,2,5.035309844233439,105.56976720845064,-3.7609760561156067,1013.9183913148266,6.432090652518336,20.052965245265145,-39.552120738667696,8.298964470324833
15,3,4.967000454459574,87.6701175286125,-3.323585030295563,979.7136927420173,6.654769518091269,20.01871016988213,-38.98066149405272,7.687741991480337
15,4,4.906069192017827,66.02912735590677,-2.246870392196654,886.8574382705303,-0.02603793867604784,19.963737494953488,-54.13593431430827,8.901588997661587
15,5,4.894247012343314,82.60232919407619,-2.4313629842521594,961.9900829255573,0.6205540852611184,19.968649647345938,-48.65753068109144,7.869497234934725
15,6,4.99064958050631,83.72688124105028,-2.5258169825046357,901.7484673052414,0.24420055651838518,19.982769665496413,-70.14768055492921,9.589490749361477
15,7,5.025786206419796,96.96127509633234,-2.5113879515319155,931.4148903702197,-3.364953907524648,19.984724398710938,-76.45275274646788,10.252763796309186
15,8,4.8449573565352955,49.23073886178455,-2.16161685244107,888.286846323625,2.8790474225730853,19.95763740706516,-54.64719295347413,8.739888885793437
15,9,4.812979097957252,58.61260475694941,-2.224789431527287,958.2056491391145,0.9794524070754383,19.93822397732705,-50.180906511404416,8.556720044171021
15,10,4.891187669808126,76.71794820213772,-2.8336004657941425,967.8652479851414,1.2450934856260958,19.94856937568794,-48.52012538651321,7.670031941849066
15,11,5.011153244340347,100.24228297872025,-3.4894917054963814,954.5082440321758,4.955112700951517,20.022986796521362,-44.68194515669305,8.196476041081192
15,12,5.055073723796721,92.92824419099917,-3.3967503023751147,999.2934559267076,5.939401999802537,20.045221264977563,-45.68378897182512,7.948269999967258
15,13,5.059032090451375,110.31860204968693,-3.766238641023575,1010.4417419908219,6.9962367627896676,20.053044453416316,-34.81448295957085,7.803506281415705
15,14,4.983691684566313,90.47984847487581,-3.4486793067298587,977.9364320731883,7.304968521052403,20.033883861954507,-38.45170403236189,7.951721150161353
15,15,4.922190212862377,57.392913538242354,-2.232829327413307,917.7302451510317,0.36966361706566775,19.955438293294645,-50.58779364340124,8.629652330317763
15,16,4.88432867593451,58.93599780845781,-2.0740826377547243,906.135940350458,-3.825179725371361,19.942824003015026,-50.0568364172854,8.536626162157953
15,17,4.8264411686064985,53.45671344011113,-2.231800839618933,896.460361509398,-0.19882215653003732,19.957632586384836,-42.55636551522548,9.087742127118885
15,18,4.906818688872653,67.22343517759391,-2.1483420356856007,913.9214236779673,0.07597976942907222,19.950660754479173,-46.245671662973955,8.49483366798587
15,19,4.903215212112881,87.58612457895744,-2.319304091493036,970.9592740237418,-0.4535860464489508,19.9587810172973,-52.54594650726213,7.919528559193569
15,20,4.887920296541544,62.946901388453945,-2.109100452432608,934.9713232974103,0.4207252367381032,19.973315540808787,-50.046622166426,8.67810864845824
15,21,4.877759451400125,68.37950864678879,-2.1803941133977762,925.4889248229678,1.5329835591250414,19.975572614241745,-46.0780443347157,9.136431149044478
15,22,4.866646694652848,81.56582354063693,-2.5686478358686275,949.2067583422104,-0.11904904807253758,19.97194347699989,-41.61954866867384,8.085256970021701
15,23,4.802077404822285,42.1909403550788,-2.1556184208456033,875.5035671397948,-0.766416891271078,19.952699149706625,-50.37444267019551,8.684817582828215
15,24,4.882987939484618,56.39931271884603,-2.024763596512531,880.4059776117521,-0.649765916092629,19.954591968389717,-60.81115346192533,9.81411718702577
15,25,4.87708872780145,71.92894997647537,-2.246873268690827,945.6948764717422,-0.507092523188138,19.9684423415174,-50.96954404399447,7.725775671053883
15,26,4.846557178551556,61.59004586873832,-1.8437173255397665,889.1915191578552,-4.006737247089792,19.93848182644416,-64.23151358337317,9.058079196068453
15,27,4.8432667731173655,68.31625938827848,-2.1149848236329216,935.0720670442753,-3.8250972075320764,19.95387290732004,-43.08396760675881,8.210588115734922
16,0,5.001180749248425,86.58282288336483,-3.2106825960609444,1012.8527067852407,4.920836027663676,20.033518089651885,-46.85410033899925,7.520284452543579
16,1,5.0505498008911465,107.2623096156524,-3.787858010262953,1002.1115781761985,6.8700282190435455,20.050629394107922,-37.568989353956404,8.319985156758916
16,2,5.037338088952091,99.28800017177093,-3.523729856613236,991.5386651121496,6.517061668303658,20.05968831684368,-41.75849403326018,8.331827960114923
16,3,4.974533940276469,88.66607383243101,-3.34892361594543,1040.2671094208647,5.665192926890105,20.042431879550552,-36.02815244140739,7.888124061990032
16,4,4.881047670153823,64.95564218422632,-2.490963602080619,912.5069014460528,0.0753601359308228,19.95570029284822,-46.83348283853268,8.328570988028615
16,5,4.918184257866539,76.00037881694723,-2.2794266298933827,949.806437701716,0.2593508388725685,19.967959242698697,-54.10126299995532,8.540256470567918
16,6,4.882007914705771,76.57314639983186,-2.3775738656094876,976.8536628807944,0.27082255370204605,19.944339922875027,-44.73423072849007,8.545703284548976
16,7,4.870742029524836,69.55382452383193,-2.661167023604323,966.054640360283,2.243093434234649,19.973471517672174,-34.054984533742385,7.626008137002685
16,8,4.885452662255982,72.98265110227324,-2.0778507767935226,929.9452767405221,-1.3051911848171245,19.941652910889818,-51.54077630957205,8.765193624668223
16,9,4.846695460078276,69.37858572565167,-2.0369170169718003,880.3397911542565,-0.889078284915717,19.94028620524184,-47.53183560233779,9.277573995915304
16,10,4.882416540147102,66.92299741537461,-2.0650099455959054,877.6476210114184,-1.222499050939726,19.95423890863014,-51.63120144889751,8.678605665681003
16,11,4.859906417729564,69.13249633428627,-2.140476291949966,930.9556037604362,-1.1237889896447966,19.937711757330256,-56.41038985043684,8.735069234367296
16,12,4.8712904246380795,58.14882530855516,-2.0981654619581454,897.7093789110522,-1.584142230377085,19.950896762782364,-41.98869865372766,8.954962057551636
16,13,4.890849693534256,77.61883237997444,-2.4284952386077574,949.6372442318476,-1.5190371039392268,19.962843990809326,-49.44735666207526,8.217887419013929
16,14,4.924322671250567,83.04255182326067,-2.652541005955566,966.2742948751632,-0.13029507238021773,19.968308247692953,-43.352567056022984,8.065033666326793
16,15,4.927905622474178,61.28850454029294,-2.3393252198074945,929.447603968914,-0.6359925631641402,19.973655376815614,-49.50013729404412,8.355312683503186
16,16,4.92789417630794,75.945657381449,-2.259313895651297,949.2574582975078,1.008427100942876,19.963329244780702,-50.187142516082865,9.416610282033295
16,17,4.8536621884510325,62.82695002268133,-2.25403318251339,925.3830917112294,0.6027808252016251,19.941807148320102,-48.4559404396887,8.71094481451863
16,18,4.824669022840782,65.29200376188328,-2.029705688464614,928.9976816610672,-2.26698568974218,19.927143870996947,-54.23783068020837,9.35949201736318
16,19,4.858760943386406,57.570102683944235,-2.435702463631876,927.1509878726139,-1.05700161484173,19.955156343161587,-51.31743257463876,7.936164130575329
16,20,4.841016033529001,64.7085436037174,-2.362208727176548,879.8107763930932,-1.7650571969277626,19.944269457807167,-56.71766242155516,8.855469729795173
16,21,4.864107219633906,74.28797732250118,-2.40451394761812,956.6102208908995,1.9595734248724401,19.96551537943375,-36.964101696264834,7.400850469818169
16,22,4.8434360905425775,58.4376980259384,-1.7409947740044078,869.0675673934097,-0.9138678069851249,19.95173778064656,-58.92659573931435,9.805476613254864
16,23,4.876372803562348,44.758189367818915,-2.2895069864449935,885.3912747199698,0.8472993553610043,19.947384848252117,-50.1179398895386,8.595055997478616
16,24,4.790683423035522,46.32741471089006,-2.166440051637096,894.081732485641,-1.304480509962536,19.947951198201306,-48.503697394561115,8.64133505202967
16,25,4.844303094917791,58.21377258269243,-2.3902374835962727,862.4163216551259,-0.46102984342769904,19.961934584583467,-46.414011084789294,8.84203986512399
16,26,4.838141784563072,80.40936707387615,-2.2311636381495417,923.933065531169,-1.4053343411156578,19.945544525914833,-45.98171269987558,8.664472089847566
16,27,4.839779891754182,72.94257289477746,-2.2659697989529963,891.3533860492535,-1.499242745303468,19.971596356258573,-49.469941349212824,9.000900591574545
17,0,5.000034263069025,98.7477734946409,-3.6615804688915827,1016.5231146445075,6.501227627391196,20.05164748715585,-45.253701114334696,7.616046028130514
17,1,5.0347616683965395,110.36971955781134,-3.7492087197753245,1043.061587750919,7.4724842865861465,20.047208788712354,-37.14104576799674,6.920754308998222
17,2,4.979232925150226,95.3509817379158,-2.97532150147076,971.6059603229535,5.233531618285928,20.03249276152903,-42.22082190038797,7.6170789647995445
17,3,5.0212822590026915,97.80197988241288,-3.416760055631019,1001.8223235394998,6.224750403775199,20.030308409679513,-45.07504861944659,8.165216768991206
17,4,4.958306006255214,84.30512236237958,-3.485318110133339,1031.2878821098464,6.741479128349964,20.04027833045102,-39.00212094529342,7.801387735326193
17,5,4.839886834730117,60.49390187158959,-2.0879504313658517,880.1707314488618,0.8586951378817131,19.955465692710547,-50.561043480090646,9.726631339921598
17,6,4.946947675683441,79.13329919597845,-2.0667020907593345,904.7770436230171,-2.360535739358241,19.93707921490081,-55.49194482427364,9.127683050295238
17,7,4.847634377397024,55.108359618675095,-1.9506156860743413,878.0638001236956,1.6161604637555347,19.94711857298777,-47.49816639607615,9.020238040211321
17,8,4.842422514007204,72.71705667209793,-2.1992667433543853,903.8979185844332,1.8718260675439624,19.95913100205855,-45.22341307167358,8.910358892656223
17,9,4.850726131419028,67.97356471634762,-2.3456234184289677,898.576710891799,1.9191537976340627,19.96326744112741,-42.713973642154386,8.875746539725961
17,10,4.881243358310199,56.11964211606693,-2.4703115780493663,940.1476027907364,3.347119357348742,19.980072192026384,-49.08851228940888,8.442087107301681
17,11,4.887460468458551,62.396014596732066,-2.2990813309310045,982.9856147021587,-1.1842124328359676,19.974367787715988,-47.703504002096835,8.120812434884991
17,12,4.918881938387427,70.01348933581592,-2.720804315462588,912.9672927926092,2.5890007971329014,19.986635008620965,-44.178567750767314,9.19088350039104
17,13,4.825026241203416,54.05642782072707,-1.759774278410042,890.410812140386,3.7900284760492577,19.958168449096465,-46.574730127104665,8.143289488540166
17,14,4.876854122336792,53.61020102184506,-2.0384397763493434,897.2323660715987,-1.126250564543347,19.941311170148676,-49.32997550821305,9.005874896034094
17,15,4.891406461305336,83.83777957702196,-2.5727999204736554,968.3494065969572,-3.062819391888102,19.944474625481995,-39.10478092779563,7.224277817105122
17,16,4.865834303603652,57.43550722351085,-2.1708155862165417,924.7743771937099,-1.2044875899766416,19.960853587875157,-52.026703827645974,9.04393808198797
17,17,4.865036995173095,76.27536247226494,-1.9519673259873154,890.7081756415881,-2.022718757810801,19.935987350507908,-45.16648262544139,8.728844017058625
17,18,4.88407481439276,58.22913010431454,-2.501327030206448,918.8739363327014,-0.4704903972575121,19.954225681102628,-42.66365730733042,7.933706502485662
17,19,4.9347294162178015,66.24402061708935,-2.4264854071034683,915.9899119569545,0.8462223702392511,19.986420174934622,-57.211176359753885,8.656686939740124
17,20,4.822887173235635,50.53514916801559,-2.0046916394440473,884.5916541491825,0.3790058129607707,19.93276889404924,-51.99107905693936,8.772605159032713
17,21,4.871735087600143,75.55795054593665,-2.379072785975227,964.2045330252745,-1.9055485401048293,19.95388221098655,-50.32067570675139,8.184679752981259
17,22,4.877186843650583,52.718441792301206,-2.2982174398772166,904.8255144940842,-2.385249172457985,19.962552871151225,-49.010154653031975,8.47711707962332
17,23,4.8727131193724915,70.21188827619531,-2.270982256982608,907.7352112408278,2.131874540865903,19.98080231178429,-47.5397997040243,8.725032874572474
17,24,4.91005012447486,83.11122806600741,-2.3989128724611017,947.8501078972179,-0.9253614009281446,19.95157873564617,-58.93736763404556,9.315094546944941
17,25,4.900683579994167,74.86380623505616,-2.2385601365947947,968.9588458709309,-3.1241592936562896,19.942851200689244,-46.72561418972857,7.868476399027981
17,26,4.86922403873263,80.73098399234331,-2.5699629571031353,910.677785906266,-0.13509306469305304,19.97035819234932,-47.05907461410419,8.497800503981548
17,27,4.835667652281994,82.60162168003126,-2.046852821567123,931.1833863335,-2.5145655419053625,19.93805595281162,-54.43827433751686,8.520971171744161
18,0,5.00619698735919,107.97744213562346,-3.4057402558432988,1019.5323100651375,7.19886305703049,20.05292983261013,-44.969217627565534,7.690203308220776
18,1,4.961640090589122,93.77710283308335,-3.477958263014893,1052.9536299212227,6.708208187504125,20.047920447613006,-38.63209861494872,7.067925939038628
18,2,5.03683928710248,105.53358873764779,-3.6981275121803248,988.4487371446997,7.473674444672747,20.052650866601713,-39.25104022353277,7.805513478417165
18,3,5.009401577845045,96.51963078868084,-3.317394191785016,985.9087081642098,4.846822073054506,20.041980320344916,-48.767856993660864,8.70055062789314
18,4,4.962806972900913,80.78502983408417,-3.4962699172677114,940.3940459952719,9.750665315282033,20.04803860241707,-39.272014540582,8.14005453437138
18,5,5.024522908761713,98.15041642597184,-3.918159731201447,1005.6576472636181,7.414921486285714,20.064776327501185,-40.724539266012926,7.649001120586603
18,6,4.8768008009377075,62.730520026498105,-1.9705352951681452,889.334769401372,0.7951514128733842,19.940291550034388,-51.045082192339045,8.8834360764297
18,7,4.836700727696688,42.2296541697486,-1.9950557120252073,903.9121462557556,-1.6566170690660225,19.93202266787141,-47.23097061969571,8.294942691624707
18,8,4.9301184592704095,63.18552783822863,-2.4543310987382414,929.9539243983496,1.474644907771244,19.967889715719927,-39.958946664383824,8.196760688077642
18,9,5.036723968698306,108.20056562199562,-2.4511322507347657,952.7783884232045,-4.56874346520355,19.982142572929103,-73.41326318224023,9.61112033754863
18,10,5.056332343825662,98.05605437688449,-2.7600485472551917,947.7626638493587,-1.6628352767376897,19.990391307454864,-68.11976182048116,8.706865161389954
18,11,5.056926985551844,106.60788709140651,-2.2756785217922424,949.9007825209721,-2.4204234111014324,20.00086065545445,-75.72329292252493,9.391972035146921
18,12,5.021948874648089,84.65083311502279,-1.9898228186633375,890.7114352706534,-4.085595090000287,19.98366608681953,-87.3668355084715,10.258909189504063
18,13,4.9812838653580505,90.73026735417568,-1.76347128035094,850.4126879151866,-2.189777422822718,19.970236280861982,-85.57711568047048,9.883923316881457
18,14,5.023841041554214,105.19195705851455,-2.309347190305756,961.1750927262591,-3.2374930876660177,19.979738426602946,-76.04737793407261,9.370981236158531
18,15,5.0351388517927305,125.94628045239503,-2.7737159656359283,926.161346177987,-6.705076371116188,19.973064438705332,-79.53815013108385,9.560683032514195
18,16,5.00620934952317,86.27801553432998,-2.4810970942426254,959.4173446056587,-2.1737415805261566,19.989748193416023,-75.94479299336865,9.795157425912414
18,17,5.025820398461579,89.61305142472801,-2.451163397341521,933.1336839150518,-1.6495658899498293,19.978877103627347,-73.38635326417773,9.651608372138993
18,18,4.986821527948956,90.61357278621223,-1.9346652933037927,900.1165154310727,-5.047405434542575,19.966995234641367,-74.53324518126095,10.123321400450983
18,19,5.018949809339106,94.43985340896536,-2.2102243891256186,867.4323939182342,-3.2949282214984335,19.976443670728464,-76.75649058399787,10.076219689319105
18,20,4.807317987904446,62.262770104860614,-2.1754460242262317,902.1338635334521,-2.146621718428666,19.945677457503166,-47.39894683286972,8.883156063659921
18,21,4.885647055314801,68.26264071648394,-2.5258667636900256,961.9676047591158,2.476782869797633,19.971699433826437,-46.66990901195623,7.622528024231402
18,22,4.939250950106977,83.19112516016614,-2.3577822754395106,973.1162961066443,-3.0693554881359546,19.954893760976567,-44.779531207870775,7.9785429632515745
18,23,4.911689401199014,80.48725581670448,-2.516135420081279,933.7007605891062,-1.7975919648641794,19.964060896079996,-54.894510356543776,8.31656276504815
18,24,4.821032299809341,52.96125735243306,-1.6431545901630495,907.6507911696576,-3.3407473280971445,19.93268561242319,-55.52583574866196,8.95438249423641
18,25,4.809552297181595,57.276683777566966,-1.6898644662020919,857.3411861819293,-3.035059085585158,19.934655127903465,-54.52501476794437,8.941285049876411
18,26,4.825646001059208,37.538505209438796,-2.082533219016832,887.379493724655,0.04530589180233706,19.945085071481092,-47.3608056642439,8.680122309861668
18,27,4.82675635232162,50.943268694450836,-2.0159334767636112,881.4694669215038,0.0010974873059843848,19.948597793493693,-51.72467558777042,9.110634912921766
19,0,5.071548875757853,117.14187977092897,-3.904785263760712,1033.739016191134,2.621915119351611,20.059269207004263,-48.862446064436256,7.709610441273735
19,1,5.063773035916797,118.958204055957,-3.8907213842891872,1072.2568637952506,6.4220797347995875,20.050013215503295,-41.69763515726328,7.815279426040549
19,2,4.979999858042146,99.62456998680142,-3.614700349214559,1037.1612035069647,6.214744672249663,20.03357554222522,-41.26662617535828,7.654487444641752
19,3,4.971016496585327,101.00405019035978,-3.5301107884847553,1009.436999284103,4.033026013217554,20.0197887387802,-38.23848230430684,7.537404109838692
19,4,4.99494121856591,83.2761653951195,-2.9993794458806615,960.5026428964456,10.432279783104983,20.046530503814104,-42.889703193019976,8.287496320633407
19,5,4.953550508349115,91.41672453033661,-3.4966881988160603,1033.2427331128306,8.208822183145486,20.028396561464326,-39.27706165348105,7.829466874778421
19,6,4.878113132857731,70.20177026883191,-2.0273182175845386,934.9846703986468,-4.12715006681915,19.93463841001846,-56.83326231897076,9.34558957098212
19,7,4.842590268363627,51.57833039624231,-2.0541218073431207,870.9871550581809,0.4559134716674514,19.947315311026593,-51.876846377036195,9.13887587136868
19,8,5.0772048857897545,114.25828615204767,-2.7066675297762193,966.2318695981762,-3.74954373219569,19.999408638016416,-78.05594347310333,9.908091584973246
19,9,5.00160777649231,85.19680009575453,-2.149647506268879,939.1931983501547,-3.6726955736877196,19.96702517606434,-78.61558259134583,9.657641626262937
19,10,5.0216808243120745,87.56368214205241,-2.346421890213931,925.1497965518902,-2.383027820251481,20.001299569628326,-78.7659523861252,10.234924523557119
19,11,4.990093996783289,97.20997008177326,-2.2068329443673544,946.9899056224515,-1.0096175773248932,19.987603825657878,-81.17229134918986,10.06642423702906
19,12,5.040460496310446,98.92075105908606,-2.538274068027681,926.8434597666363,-1.903276027216322,20.015370590650917,-71.91013728382049,9.701895281841177
19,13,4.976944300358299,91.06318584549001,-2.3082755558566017,931.0692213854525,-4.9523558970085375,19.985325656871154,-67.21921224674495,9.567015712414106
19,14,4.97384894588495,94.21913534628108,-1.8756801591929066,909.3052062845154,-5.670349025410976,19.97221355841447,-80.0990794416508,9.852531556985339
19,15,5.037993872590336,112.70646626097421,-2.5986567810453938,970.293426571636,-2.961133253651678,20.0083407130666,-65.5468681843673,9.067547395893381
19,16,5.028720743224585,90.78570065525881,-2.1301379507664873,918.5229525750723,-1.3831040277146345,19.98497878621412,-81.81584631365237,10.24090220446088
19,17,5.010698290608629,102.00204283895921,-1.9108820077983613,930.2719623532083,-4.798659025935196,19.976341831954848,-80.55128330365804,9.331703049106258
19,18,4.974812664273157,86.55123378773588,-1.9166613879572303,903.6149342686442,-6.25956634546816,19.965382174210877,-79.13672234216739,10.800123267792365
19,19,5.018583144859467,108.0900892494653,-2.49660730174965,927.503983834037,-2.0037445376411442,19.99049923894034,-74.43403556241583,9.54325406899465
19,20,4.99416689837528,98.08597900833728,-2.4913615249968597,885.8963753108746,-3.8278241179086145,19.968249861328452,-77.44015038683659,10.099014412716839
19,21,4.850288965416729,53.842517602918534,-2.045925330054794,886.6269106896442,-0.13010362610088075,19.949443360634376,-56.801639908240304,8.942038459706737
19,22,4.913810279721033,72.22307171128871,-2.523987919031166,946.6034680872726,0.35998037468557187,19.959108884854714,-45.9646345347854,8.096627631099327
19,23,4.822799472159768,47.34800345996951,-1.9876632177957287,880.0618352557491,0.7875696183148528,19.940708120283205,-53.24098595423045,9.142375110894324
19,24,4.8811993585972155,71.21349192050207,-2.114884169681547,872.0071035829089,0.2784105377860622,19.96783075304623,-48.03248050671866,7.981217709077875
19,25,4.8772011376346,56.8582967649312,-2.385369616026457,894.1604405481769,-0.19884141106081452,19.950181303748472,-52.63334302974819,8.924227439866378
19,26,4.812928096507532,45.06861631705363,-1.851901552279251,849.0723946250994,-0.8188351047992583,19.93538978901847,-47.95006994162878,8.699755440346415
19,27,4.8613227350190575,57.725028421582905,-2.2184218974977865,916.4382836738679,-0.429930560916186,19.953661337293365,-48.51549876646146,8.935623463607923
20,0,5.0412942363740685,112.98126246836897,-3.4500886624880187,1062.50690270062,5.469213929558446,20.037922879009436,-35.681641778730224,6.94979961543263
20,1,5.072434968862684,103.044035301557,-3.445607291472866,998.5719380889301,6.3083427174867435,20.05169991838186,-50.16269862764207,8.209442496040815
20,2,4.906573073482851,81.18798365213807,-2.0558581069079214,924.0627898000577,-2.008258955394319,19.958685203365796,-56.46654975380887,9.624692093959796
20,3,4.987072551502535,90.08714561248725,-2.374319421462922,972.4537226275609,5.778027295861123,20.01768720342995,-48.56511110133675,8.61200809571059
20,4,4.942314060005887,72.40940582769271,-2.917776803799985,942.5073008991692,7.927268337109046,20.0238155167773,-45.11806711581036,8.885346790261522
20,5,5.023788230468628,93.3030438733096,-3.882221378520425,990.7135944574588,10.560230987078477,20.06151178552513,-33.91294681498203,7.357631247329265
20,6,4.846170413579565,63.581103911743384,-2.1260804149487345,875.1639146897089,1.882803932174086,19.951906364128376,-48.18122813821398,8.941927447084606
20,7,4.861213842170632,75.17280263545472,-2.3246579406407335,927.2555609817035,0.15383375770922667,19.97147381870819,-50.09621606334414,8.686586785693825
20,8,4.968761737795992,86.74465055623294,-2.15727166063629,914.3723564813189,-4.4046972116585,19.970153476132708,-82.43747709112914,10.163512130232961
20,9,5.031693681650088,95.35990067988185,-2.3711980393868384,907.4067904556349,-2.600279306204489,19.980972141695133,-79.06733224512779,10.486402024226994
20,10,4.940096815310763,77.31693892135463,-1.6836363911948966,849.921701600847,-4.089132845047914,19.964842535647946,-76.10539212780664,10.186343369169464
20,11,5.051826847513775,109.2136899773428,-2.626575335515251,944.4224334461965,-2.850264759424033,19.99525324392113,-73.73970267021663,9.393765658051834
20,12,5.027480301551511,96.69541096483164,-2.732799719897383,940.3643828459999,-3.7108649978410506,19.990410453098296,-71.84576350525657,9.627651738027396
20,13,5.004551964844411,87.62171591612966,-2.1842093239722202,862.6157368813597,-4.409485925345122,19.959523578271106,-78.34013395368129,10.050795679073808
20,14,4.961764806411674,88.19972692276852,-2.74989459756538,943.8602915483052,-1.5658523486865763,19.98900506154573,-69.3860211891619,8.999403101888337
20,15,4.991234170553685,106.84108267910446,-2.6592311837837417,935.800904805446,-5.473184527353876,19.963068254207577,-70.26331130728288,8.956266549059071
20,16,5.040423819979591,101.99086209179922,-2.47515768105861,936.965307739673,-0.8638400656341089,19.98227059620687,-78.20685176699449,9.724517883156308
20,17,4.974514850273032,84.59720718659592,-1.936274540382853,923.6131416725138,-4.054623150133694,19.9629613020338,-76.09544167720615,9.775240945596819
20,18,4.976533000004644,92.05033933252426,-2.0924512694818036,892.7437570776774,-5.218419381671251,19.979376822896313,-78.33574841300673,9.467884717063374
20,19,5.043348385218099,113.46899014225633,-2.3060376201070296,951.9026673765363,-4.476375670721595,19.996367115553475,-72.82630795004286,9.605976426663322
20,20,5.009481565931485,95.00786074963133,-2.214356714962488,895.8308614711561,-5.42305328632852,19.96699053479089,-85.56968059651237,9.678636593301714
20,21,4.904455512932968,74.85501341071169,-2.5040511830552195,953.4039495172537,0.8749526618992076,19.960486017297615,-45.5948196176016,7.980856317876216
20,22,4.823408556684757,64.25532458133594,-2.188312969446385,925.6454081941396,-1.9924539013037312,19.953268621011667,-55.491972592303235,9.255824793072557
20,23,4.872463664865215,71.33904686398377,-2.0924721215470967,893.3520130412433,0.19770671900543488,19.950182481056363,-50.135997940981426,8.13017159217307
20,24,4.830471142123053,65.75638076953038,-2.0462536847523105,887.1405149400553,1.5016271120423703,19.957367175135158,-50.59621530265866,8.299028649104443
20,25,4.8840873309234825,58.9609302853663,-2.177618016770963,914.4646811199185,-2.49476338615198,19.94008104630848,-54.97675139069851,8.958071366941553
20,26,4.863096781073163,65.81691578187784,-2.394103019371946,943.9166505209122,-1.1468877308375345,19.958882547837057,-50.27240265362347,8.994183164174386
20,27,4.85297878591768,60.89417213762951,-2.139957151339788,867.0686290973669,0.7896548827181117,19.95173715317235,-52.861549958779676,9.775069192127129
21,0,4.876442507417417,70.08246920995526,-2.0077683259074766,894.3755940797458,-2.558773497768454,19.944765809156532,-56.18435095235135,9.150271435264614
21,1,4.851621775313529,50.521743781050674,-1.9972965399902551,938.41702567927,-0.43894577097385445,19.94590726794049,-50.27596722551494,8.522399443252237
21,2,4.881198854259997,42.60201374295598,-2.297496824773231,858.3735659538573,2.111581846730015,19.959498256854616,-54.69252675778792,9.061171898429814
21,3,4.869060131818669,64.64949762641092,-2.15880238913061,908.362988763454,-1.3634293833466808,19.94033389349706,-57.241774602467785,9.273026112633278
21,4,4.803936474386385,60.05515837814798,-2.205162012943757,871.5541185794367,1.113818470349035,19.944970461834735,-51.486800109070465,9.42354532947824
21,5,5.052282549715587,88.66676007239755,-3.4570580843520284,937.4687415585045,5.651816283868276,20.046776826414035,-43.60474480325791,7.4382434815769365
21,6,4.895530918855409,74.37257995610824,-2.416372628530934,906.0815613010501,-1.4223662999275661,19.95377063849354,-50.92876382330562,8.387320957193854
21,7,4.848742484254438,68.84250887158989,-2.268279888885215,941.7746194927096,1.6233585095537837,19.965845571414505,-48.37694110332763,8.170574333454665
21,8,5.04946722930009,101.17501576416778,-2.59301710443284,932.5221222470512,-2.794250167980439,19.998380830916815,-79.81286843773009,9.172873364278447
21,9,4.988468413788048,93.91734230949831,-2.033061433833939,940.6250870332522,-6.399740737029802,19.950662156167063,-78.04424271482904,10.639385673467217
21,10,5.064181508068265,100.24145900776766,-2.3991385501890843,963.5694291973957,-4.2214630488643365,19.98592448004938,-78.12913827468088,9.218013479716364
21,11,5.001912777959365,107.26205105180009,-2.2105888852626276,953.956877809913,-3.5720923541921064,19.983560147758425,-84.11455923618479,10.703408618584069
21,12,5.042881358287469,101.63431815911235,-2.6245467460298304,953.7911032811074,-4.34178026619102,19.984047227083657,-79.13777840140376,9.493920532787088
21,13,5.083334632779276,115.11450514705699,-2.632636070963005,965.6591934092967,-3.7798288970813156,19.997663751517354,-76.89272367646431,9.409985430719225
21,14,5.016733138185733,95.58083158459816,-2.1046347821854496,901.8907137314875,-3.464295932012101,19.975028072200512,-82.588004759906,10.006478179976767
21,15,5.001888900656805,98.2960636329379,-1.9817175808217493,938.1994861385532,-5.250475952617581,19.97856627523704,-73.81897495932486,9.795453681534338
21,16,5.065588912437629,110.43254034585725,-2.8953682269906293,980.6140188679049,-2.595986483931695,20.010654209233504,-76.82993823577142,9.76130106185095
21,17,4.937876775537019,97.47600672304311,-1.8464284761410232,855.2279317305743,-4.384378744249057,19.96751516071816,-74.46538897109113,10.222571159040506
21,18,5.017095039603952,94.38562882997901,-2.2291748994128824,924.8163222784698,-4.7877744626299785,19.98916495272322,-83.5480671724229,9.676389346529563
21,19,5.012107939707399,95.24675759982567,-2.23535645502585,951.0447549744606,-1.947687114270724,19.991842008059105,-68.46174848023905,10.369705797612898
21,20,4.993094466504417,97.43538068942905,-2.413643632138819,942.018078138996,-2.680832495590024,19.994400294034065,-69.10252031428523,9.358520085568308
21,21,4.8295876804734394,59.01335364170656,-2.0117776626844224,914.3303526478123,-1.3675456783907367,19.95335425252595,-47.38833034742796,8.26350179831175
21,22,4.8246907659176355,54.15105312647066,-1.98496355567436,856.9133270102286,-1.5549472742098132,19.944427083909606,-56.925746569701985,9.12247231623379
21,23,4.885252413638283,67.6200484004761,-2.0444701606950457,924.2201653993085,-0.38139716052900186,19.95198237207354,-57.07314014597752,9.064903744244054
21,24,4.876068649695588,67.8364268716968,-2.2599004338230313,945.4717398607972,2.6228599725265247,19.975699921361254,-43.49947190607779,8.814373670328173
21,25,4.909406753659539,70.33411423138077,-2.271920702637649,916.0849795705362,0.009734432303461216,19.951206655299437,-58.349384767884516,8.501874904016127
21,26,4.88200029655526,69.0578969759676,-2.4570482569472807,900.4041898929356,-0.8718869536121456,19.95070006984365,-43.554793547275374,8.185809222503014
21,27,4.9976229137584305,90.88441453999134,-3.285108946027262,922.9699494976912,7.108149733265044,20.035560144385425,-47.974620131934515,8.16880239773192
22,0,4.819138664784394,49.52234765273338,-2.2546769514683103,870.4359557255933,2.033689666145931,19.949295586391933,-50.020421953760255,8.753871508874548
22,1,4.887118323367031,74.56688034801823,-2.175163225008867,907.9936179512599,-0.3810614008026419,19.96535092174991,-50.54860536504917,8.977448669967686
22,2,4.924198771357511,76.61610239905232,-2.4984796223099717,940.620490523671,-2.2835984416745814,19.954978374009315,-58.95095131864284,8.593987571782657
22,3,4.859391699858351,52.844627308793946,-2.767342996587491,890.1392003543916,4.494438592082225,19.964320299453423,-38.665689878271664,8.146764189011808
22,4,4.87070784639746,56.846492419180876,-2.52284892538252,894.7589433951692,1.5337040519931524,19.95628076151697,-40.940821835197326,8.152831422379037
22,5,4.872262077241995,55.26901740450893,-2.2068477791239647,896.1711392657277,2.0524541273244186,19.95819752129589,-52.380321347903454,9.575399091271462
22,6,5.0620168945436745,97.72004843168412,-3.5868838216675965,1024.697343774255,5.576790763863598,20.05502387534533,-41.482165865015425,7.916234892098079
22,7,4.864638074970137,68.2681899042355,-2.276318901209452,931.5310115438095,0.25128030789905537,19.971972790436137,-40.69802124194209,8.468130019585782
22,8,4.919529995446639,60.56026623755702,-2.1190705764508397,946.80508306211,0.7049445725269354,19.964578084614505,-48.85888227055273,8.603903316357002
22,9,4.972923173444761,87.79805460773123,-1.7149868324895492,865.8835083170729,-5.851311398698267,19.9619328961158,-87.4038337020423,10.102545735442249
22,10,5.050196769652082,101.89512802620477,-2.5846381541771932,959.2084553672402,-1.5895190546933116,19.99492606803177,-66.92565779968288,9.554188039990494
22,11,5.003789543985285,98.71663619500123,-2.408929207023177,899.9814543673057,-3.5043493392799503,19.97205998782085,-71.19495470554537,9.61496232333443
22,12,5.038283534574661,93.41447127618648,-2.415605663626944,923.6223083238359,-1.887217444198587,19.976855004476175,-73.28174245732292,9.291669509497432
22,13,5.062466410473953,96.91635681696376,-2.5356846432942506,947.0226923017178,-4.25150257839465,20.000414140727607,-73.05729276408486,8.920118939505839
22,14,4.980803738046356,109.42205036220243,-2.160595336115959,926.4477673356826,-5.763630213178108,19.969683957510803,-78.79055438832373,10.022544592362179
22,15,4.928583600726056,80.13373412202806,-2.1461232747763597,902.9578487272482,-3.136022156585792,19.958573600045366,-70.56496990371434,9.839641705815975
22,16,4.908822899724884,63.760095442263534,-1.8465114995647849,890.3855681638647,-4.415682304074074,19.950456145361883,-81.30196823890992,10.748501380127843
22,17,5.011347180301285,87.43496277369539,-2.107498936683422,925.5759683605362,-5.060771414254691,19.96382581614692,-70.462144279641,10.552656298398654
22,18,5.020595396939161,116.27882864603588,-2.8180601380728256,953.5541014740597,-4.524604945196568,19.994523795050775,-69.95394464217274,8.974357751551823
22,19,5.005764346895949,99.29273575081494,-2.309198118625647,940.9822910799783,-2.3164222013675713,19.97492816437789,-74.3346315005574,9.916023765995
22,20,5.036791322275909,97.39704206335685,-2.2969913204485657,951.060333335992,-2.388917701902343,19.99070280973546,-76.1507787578031,10.102869496281292
22,21,4.977483960265119,80.75325708673948,-2.3696623982685967,906.5559222216741,1.1356879591535962,19.985179073135445,-83.59708763834936,10.417292565198995
22,22,4.869014835463874,62.207058265300205,-2.118766349801128,865.0709646080561,-2.7225272652797976,19.939934986257953,-57.041116153518345,9.06398485646952
22,23,4.924995899910514,66.00330236977499,-2.4498748646379602,952.6959554482379,-0.8883364453812586,19.969305502571046,-48.217774979027624,8.940161175133447
22,24,4.979268523169313,87.01439590276576,-3.5465140182219956,995.2076765664199,7.451823820957026,20.034152346323268,-32.370399118510974,7.535666323336093
22,25,5.062997274893094,94.75105112227672,-3.3628024876328135,1004.1499076777479,6.850687139268887,20.040224643382512,-43.516228496603546,7.849421667339946
22,26,5.008421211345375,100.02943442681521,-3.277159699146661,997.3715851887779,6.388928377700144,20.05161901370016,-47.10358003177472,8.081067017625612
22,27,5.031926144885081,83.91984303095363,-3.6916874628474363,984.2629926557988,8.283924870514156,20.050154263885737,-37.41455694832889,7.458837681125181
23,0,4.889047358256182,59.802001551804636,-2.3833693607750255,882.4215084547781,0.13581706691934178,19.96213441398624,-48.61332345488743,8.640434487447651
23,1,4.890558356869801,60.25704969014139,-2.1338115690001036,932.7421641985057,-0.6857719404167109,19.950606964024704,-39.48360136220671,8.176825045126508
23,2,4.879993887998402,63.9707993777018,-1.9158121270383137,896.563233527996,-2.6736948374810665,19.922074366220244,-65.12329413659944,9.637496980171512
23,3,4.8681685394089325,66.12763642875284,-2.296353951592401,903.4819756069627,1.5435255061949378,19.963182837957305,-50.07527618831468,8.824554163680697
23,4,4.831443625447352,52.22352545081995,-1.8619775354974937,856.9465336102809,-1.358342802638188,19.940069989320595,-57.31334988430877,9.130502746119642
23,5,5.019333536134505,104.37343746974898,-3.501120342546235,1020.2408410027806,6.311998195128055,20.055009085941446,-43.188955063169544,8.140678859205163
23,6,4.99261518579579,98.79455073790078,-3.3925695349958134,988.7647382431422,5.534405136441519,20.018828751717688,-32.43731291266841,8.126271124076112
23,7,4.8428980611728365,56.01057845925846,-2.0080775789450964,887.7068114859392,1.989248296876252,19.95544483212897,-50.789754726887395,9.296759567492387
23,8,4.92786566272012,69.85590841237492,-2.217075864345351,956.5938385750514,-1.6376426884621194,19.96154988969113,-52.56893084335484,7.9287958627411985
23,9,4.87125514141443,47.562964158517275,-1.7786543433446493,888.2254327993909,-0.36966814361658357,19.936416081315368,-56.06468572596332,8.532015529248639
23,10,4.989643725146919,97.65889088582897,-2.386200211289633,913.3385458466386,-1.4222533640544264,19.993260528227783,-77.90859692598568,10.141653451934383
23,11,4.997350620596067,106.01415359930388,-2.1559334267712136,923.6748990485406,-1.3673494788887917,19.978936403164013,-75.55765080479833,9.816116937215698
23,12,5.055961572546818,111.92954633555061,-2.3830273870037124,956.6145484977267,-3.5096968457536657,19.988325340102843,-72.68847047566454,9.414500625084619
23,13,5.023980896889803,99.6078596279002,-2.144125327193908,927.4691927051442,-3.415314701876401,19.988538795395577,-73.7117234734004,10.236915042574655
23,14,5.003894448649859,96.44950794813185,-1.953109316443755,879.5979104468192,-4.962074568051607,19.975966222367923,-89.26330181422566,10.090623422589244
23,15,5.0443725689144685,102.53360096482749,-2.1092367275070547,923.1966369332767,-6.692142216757046,19.97873380417289,-86.30068961270337,9.668161172965002
23,16,4.9704068220652555,88.18031734214867,-2.418860760692338,934.8306854769987,-1.7891564820055659,19.986428457058985,-69.42506447870116,9.874212356133265
23,17,4.9850401575010475,84.4182992994613,-2.047149208713967,913.1588971615982,-5.85691086572594,19.970448385836775,-81.01825326352619,9.91138558678103
23,18,4.948187128936692,63.861184753978534,-1.8919840052394044,879.4010572693107,-2.2763785373430836,19.956297108973043,-81.60843485574522,11.146475723140309
23,19,5.0322455117545895,102.1912737248781,-2.3231603599310655,947.8279776541301,-4.097529119945101,19.969483530297243,-82.13334146809207,9.785294476379331
23,20,4.971828771359313,93.90036910492228,-2.333362077260705,918.9313364348434,0.5977493115254637,19.987171340956323,-69.24240122929311,9.698227583099555
23,21,4.975603176766159,82.5017596835352,-2.2557844866048202,933.749415018123,-3.7980682119026823,19.981249069286438,-71.61873906813024,10.412657212979388
23,22,4.871189598394666,61.1956322249388,-2.2505125458655124,951.2072196485635,-1.2209433625191324,19.95518533235337,-53.14688131128107,9.297515286273928
23,23,4.886323070838952,61.222613853395266,-2.0976384254137512,909.5667120345813,-0.5737551875980909,19.947737167115946,-50.43210657457979,8.525280025740713
23,24,4.9809682263668575,87.79113265789039,-2.9263566156654113,997.996756382944,5.392449728147071,20.01964711523585,-46.75501953999206,8.674580517726202
23,25,4.968562008380387,81.92440013482862,-3.369911665190509,974.0276697680426,9.142768096801609,20.034869745090237,-36.86097868596664,7.294284971043789
23,26,5.046187016170261,106.0460261569028,-3.5772054626458147,983.2646381273414,4.68405336686089,20.018263755779433,-44.26399959679807,8.230587915770727
23,27,5.064892227296331,95.73170889810837,-3.637487288392302,1030.6825260066921,5.188398268583658,20.03835057250112,-40.75997128575218,7.578471761736814
24,0,4.863494525999126,73.84825036407044,-2.407964107770712,951.455299198621,0.9351060169634563,19.96239755853026,-44.43717396913444,8.28139317161493
24,1,4.851207157434611,54.570147807571686,-1.914725769949412,905.8389126057318,1.7693992378637837,19.95292440405517,-37.91010269059947,8.513600046177064
24,2,4.827450349500764,47.76106140051607,-2.129453951400894,882.8105723570559,3.662037908752821,19.970214220236638,-42.436423350628395,8.671100969493024
24,3,4.829735472484807,53.18076321214921,-2.0322823946652653,926.1567601114796,0.8482683769586058,19.951416136652007,-47.259718857414164,8.738235915340345
24,4,4.818753193133592,67.82344266609326,-1.8902177756113208,908.3980128386751,-2.888082147301108,19.92712686651485,-46.29211565714821,8.1385052729948
24,5,4.996783018085302,101.8706855552442,-3.4279441996783144,1017.017602957528,5.087962892873995,20.019120694339406,-42.775785410622326,8.025041530547263
24,6,5.052748981546744,103.09566686713089,-3.711398379894266,1070.7814722358921,5.685776954640984,20.045762226137132,-39.377414262500835,7.124698282040382
24,7,5.042641413048183,103.11432659399141,-3.510967184658022,979.6599282049431,7.414684995532456,20.05779283295063,-41.777025968827076,8.145753406420177
24,8,4.993496164760088,95.10323921520187,-3.425922546613853,969.5840392889274,7.113869439631042,20.034841771341867,-44.33331686177969,7.877012810738642
24,9,4.8925490652381765,66.65400775750753,-2.4841143398109526,972.3832733160101,-1.7599141373389795,19.96279049158117,-51.53007051560377,8.472021454279568
24,10,4.868423921156208,57.94573094171483,-2.3011215622229857,927.7380832279006,-2.6154756277194817,19.9414178242201,-46.92781063632634,8.701373019227661
24,11,4.850280557321062,43.349600816423774,-2.180648585093808,906.1661007330009,-0.11197051564087501,19.92620864208499,-47.27134066606772,8.208461371252488
24,12,4.971279589822718,92.34413727400154,-2.426296001327459,939.3392199700629,-2.2251829562366097,19.978697522635677,-65.06561942474553,9.70004833643173
24,13,4.988450126121678,88.35297047292818,-2.390168580107158,915.7130840658223,-2.120326577450914,19.989003376898342,-73.8928562966594,9.993630202219313
24,14,5.007149563232177,103.54627588358258,-2.0050303457184673,952.4466443368199,-3.85728675980354,19.971121224148533,-69.71819453167384,9.773979779003817
24,15,4.977629261675137,103.303857787754,-1.8582377692928915,922.4561574923572,-6.484493272372296,19.96616830944072,-77.08304642527105,9.690040437202692
24,16,4.951803838123278,97.10432823267988,-1.9482850504238438,938.3222759769654,-1.7020180584646514,19.976913916798164,-73.04136625134366,10.31086945983682
24,17,5.020554151398831,107.1354592914697,-2.676355311869866,946.3746076684356,-2.3092971006262704,19.988361620397633,-75.70178920882736,9.998955522962262
24,18,5.025360901610574,102.2283007226815,-2.2228257661394064,950.5920930690469,-4.770963200020851,19.958302934598763,-77.42647788898762,9.68948614982749
24,19,5.010364330469336,101.17936584763248,-2.104568414074945,915.6441610158308,-2.9680259623441376,19.978730728303255,-80.76078168277698,9.951217840052077
24,20,5.035601324781899,97.25189246247521,-2.1497185385550766,900.3737499703502,-4.6254081730807854,19.96994867574475,-84.89607008424949,10.148744075223485
24,21,4.877141985959249,69.1734496401273,-2.3199645627546257,937.1582805045175,-0.4181994070981532,19.955939585664428,-48.56447598569676,8.852337402827725
24,22,4.837389043240039,48.38150769983955,-1.9564355041781234,887.7657509389984,0.030323865342799572,19.936234853829504,-54.72307784699262,9.476276423665048
24,23,4.862130401116761,60.12146048336911,-2.4037160425365354,863.9259295955345,2.45212084666793,19.958840791693007,-38.95784312689403,8.375351816497377
24,24,5.070986719293334,111.85672584432079,-3.7284290847885635,1024.0703600672596,4.699200704852635,20.053706735701258,-43.78636420393652,8.227184892107275
24,25,5.04516253056247,97.70909933458488,-3.5686059566610258,997.6519225542853,8.53991469059012,20.04942961838957,-44.83203878032436,8.129110234961386
24,26,4.997460438801941,89.11338935144278,-3.3082878184960056,986.3645674938377,5.648909719988931,20.03156610467105,-44.44838738299531,7.722351690057852
24,27,4.9974102248132635,94.24314722542255,-3.5395322897839,996.2875830324157,5.895915351872595,20.02198917892219,-40.96327658439411,8.413041901602849
25,0,5.101680596306129,121.89989557435094,-3.7909590186503963,1048.936401896605,6.033917638112576,20.06135337663739,-47.55957776246747,6.877911302811656
25,1,5.037756369106753,100.8566046858566,-3.6750382891841773,1009.9004217932129,6.569092350206803,20.053001871732324,-41.30841197160732,7.5100849354345005
25,2,4.9947114749973895,87.78492948846244,-3.483011173127608,988.0703630333411,7.1540984341446805,20.043766926469466,-39.937815333367865,8.270225781539523
25,3,5.069483792925524,97.18645991882543,-3.7706214237581843,1054.7361609708676,4.013724043016024,20.03786227033347,-41.01934578953407,7.528162554055106
25,4,4.992659130614,88.54068131179662,-3.301836448171948,986.3805825805325,6.254864034829244,20.029654281199203,-45.203002684064586,8.62145996612213
25,5,5.007199796374718,99.54106238808575,-3.1571097409381004,961.1054788019978,8.387002552932323,20.030278908118675,-43.466944160168765,7.766989501770062
25,6,5.007253548424777,93.65017081034647,-3.364322838166134,977.8438081666875,8.823708905309429,20.039093859062906,-39.4826506487601,8.234444428591107
25,7,5.021189797177737,102.61364438423891,-3.361510751769211,1016.6141829576904,5.6259512411561605,20.048017315121825,-49.141756655125164,8.368953126775438
25,8,4.986439767595092,77.26816005294225,-3.2602483662047663,966.4885587226528,5.7000937933868965,20.028992062064326,-46.78639210226776,7.982962054178852
25,9,5.0324553763068725,99.08048808892158,-3.7994181377297473,1020.6311773246102,5.75025898874571,20.05452835822937,-40.00690706983646,7.83307905576564
25,10,4.844831157298994,56.98064749489959,-2.2223333408026447,915.798483163424,-1.628161388588808,19.934068913473787,-46.063116917999594,8.186050865397165
25,11,4.876965630347903,77.61970132494613,-1.976404951122263,899.4559583773402,-2.542600311649897,19.930327795856936,-54.828736077232875,9.050960571936248
25,12,4.943160472601203,72.50475549735422,-2.788600268572479,917.1564531035805,-0.1026518772794181,19.972917240326712,-47.92384800468414,8.304597878567803
25,13,4.858041980182039,48.67878007305636,-2.3187206507056715,932.7943469387948,0.29414319850105897,19.9489712031179,-51.92692622624439,8.603647705822823
25,14,4.979769654616175,93.95718511892396,-1.874277026769575,896.7335964164918,-7.331013783847924,19.95707008347903,-84.61069579522278,10.181652841777062
25,15,4.987756609283097,96.61345578407749,-2.161772006686651,909.0617044696058,-3.3825239793871655,19.977524084707603,-86.2238837001637,9.842190424618622
25,16,5.028156147322878,99.32527261183151,-2.350815347432481,951.7014225678422,-3.574136060028481,19.97026520412203,-87.38813339086448,10.404177695006782
25,17,5.022921904269291,110.18468558157994,-2.9098480426287296,979.634632139504,-4.843209799914657,19.97814082971859,-71.55475748426963,9.33395508003021
25,18,5.052546722519543,95.14879726813383,-2.839935214961801,942.9720794355226,-1.6892947526371078,20.001839586052927,-68.81738163060709,9.392354900159118
25,19,5.023675744599865,92.50739016194028,-2.8546622180265766,937.1139580783359,2.2575855609701514,20.018860810195218,-72.87586260615495,9.878921995054743
25,20,5.0025563058890485,88.64921539253592,-1.9537332180829416,901.180483558895,-5.2101822422457795,19.976102066949153,-85.56143453230342,10.237846257779404
25,21,4.85535452362913,63.410474251104425,-2.55946119185352,897.544590761378,4.368267449286495,19.953846293537932,-35.55971729288015,8.415569158884713
25,22,4.942654059165188,80.74509698463974,-2.438407467472455,923.4587783496095,-2.7833039465875395,19.960673920774493,-57.71976098096408,8.55732958434375
25,23,4.997895255658125,83.59855325415165,-3.426220979483956,967.0780950143406,4.948383420218667,20.009262602672464,-43.73820083152253,8.137257678522868
25,24,5.0010446432434135,107.54116430081584,-3.5051109424150138,1016.61939944517,6.049577291087986,20.015690501928272,-36.5036150450013,7.304034890190338
25,25,4.983159852767234,95.08491805594386,-3.0917597744749115,984.176674833285,3.174284805502749,20.02285524448569,-51.396736482390516,8.481188714592678
25,26,4.987587229819645,89.14717014506572,-3.087423122647276,945.202692113585,5.754489484752351,20.036100900552114,-48.76339798720633,7.999320556507326
25,27,5.022223573286661,97.7680520398248,-3.4382407210029564,1028.8085874572537,6.112406949936241,20.04572426139736,-38.214976665352786,7.855461988093203
26,0,5.046114362030538,107.44508582548269,-3.957785682598564,1054.5600232945058,9.049479555170045,20.060226982302606,-30.982623955099594,7.170420075040955
26,1,4.973503062512087,77.61129951723026,-2.9084379209289315,946.6543123942669,9.455776554846961,20.04016237529332,-45.440758670611466,8.408392999733065
26,2,5.049741700216606,96.74384142730554,-3.655317986745898,1065.6466775589638,5.780034813135803,20.043812590027148,-36.42322478433469,7.213631942455178
26,3,4.979213977518144,88.88560284012522,-3.4538237747056084,991.3080266600523,7.428637471920492,20.028679343102656,-35.11241020347826,7.744270154284158
26,4,5.006017143762726,92.30488451800895,-3.190251335311923,957.9567719301285,4.0738097747159046,20.01656117408359,-50.53819157029635,7.834410825468199
26,5,4.984181080122195,84.13803756624021,-3.3791488098125106,964.0976785568918,5.641444354756225,20.041229823136554,-50.39400080026499,8.119596664248581
26,6,5.0248106412369555,93.2668375724668,-3.6592393612636407,966.9136215180956,9.069920514792058,20.052886719701444,-47.82934684903109,7.856004373969148
26,7,4.997542126844576,83.09506985406777,-3.4889555773726655,965.7981327481949,7.842032984928667,20.04275332987539,-41.53295316995366,8.01523576412849
26,8,5.000548966843481,81.05723119630228,-3.4929620617369728,1007.9694959537501,6.600903475003148,20.024107094108494,-37.32733381354952,8.15841627152122
26,9,4.936815941521089,91.02024831405919,-3.0067065867739124,963.8558113467803,4.937037110248961,20.01338415552355,-47.43016234353712,8.20471614647827
26,10,5.041899312785209,106.72741227314145,-3.524620238058448,1045.868620579346,2.9690826215495694,20.024784699055378,-45.51969632104481,8.018102945173322
26,11,5.05901907056346,105.30753746761644,-3.6082942266037987,1024.5853895934554,5.93021501173863,20.029115895662034,-42.70301314343998,7.0116491287696725
26,12,4.864485469224084,64.58966307789328,-2.2162805851831013,930.887611440365,1.0069724511561817,19.963737697625646,-50.51959308129933,8.5724843065495
26,13,4.885577705612743,66.49966627298016,-2.3928284280888668,927.1086910378308,0.6634007428160734,19.96934329030037,-44.163398427885845,9.008134463220165
26,14,4.839095692803592,61.98401281632453,-2.3407260066820266,902.4291671947011,0.6121881442716482,19.968671353096873,-49.932418855902895,8.833662141941133
26,15,5.043257019246839,98.50061027207187,-2.6980411036097482,995.2004827262931,-1.79676638952723,19.99929606241398,-67.13241062037159,9.775432566555036
26,16,5.006412564545836,98.64184395521107,-1.8171367770618665,894.1256970418573,-5.999083773151022,19.944472111614896,-80.08469237202615,10.259998707109549
26,17,4.953672588833525,82.93872483798965,-2.1645961074300213,857.7704845662192,-3.0701143118344714,19.96590955402795,-80.99301852686158,10.336342854075012
26,18,4.982873558527459,92.38093723973628,-2.1206043790558335,927.5881296711536,-4.90058003433408,19.96799865694431,-79.46848636211013,10.055711410896967
26,19,5.026119482505541,102.46167151932184,-2.1487291132854303,934.908880596157,-3.823606082022959,19.975508826702615,-85.20347204168347,10.194688636918617
26,20,4.811950581976407,48.83003089997429,-1.8729522316985523,925.051837340216,-0.46836350083846934,19.947202961117707,-43.52036438728961,8.946740674540306
26,21,4.869045587372922,69.93817243467963,-2.0578703286534212,894.361805350031,-3.2051061261681855,19.943212386473263,-51.398924189145276,7.89909862515058
26,22,4.906658042940564,72.17370446803119,-1.9602879312926547,960.7438055463643,-0.13285201715197414,19.95382654837725,-47.3154368218894,8.406520355779842
26,23,5.010360698897813,89.03264257286304,-3.5896573678172574,1013.7114103979695,9.656140542765849,20.047883086273654,-43.66045444465949,7.339577483480495
26,24,4.972770924973403,84.8447602403477,-3.0003767486826733,959.9270890645811,6.215892523169521,20.019684502020045,-42.63790459882712,8.214019276600597
26,25,4.982052418564742,95.5651639182202,-3.2572327021476672,1044.0771439792863,6.7012579248287265,20.01787098707069,-35.87332266366626,7.561816920833409
26,26,4.982623580503695,105.00498197689025,-3.2783736992189083,986.8908612128174,6.6885307078775345,20.017185322655774,-44.27104925371928,7.624050770733914
26,27,4.995762299890306,91.75372084738815,-3.718726553961363,1000.5483324954183,5.846684547515641,20.023366613178084,-29.193706164902025,6.714158654976573
27,0,4.994767972644193,86.86738160078357,-3.670356909154217,999.590738215176,6.284015350677091,20.018347848624575,-41.718816840192815,7.7158601000293325
27,1,4.97437603492528,93.97907289073024,-3.57896787975432,977.8453293485461,6.270954608809252,20.032163209604928,-38.05522154590298,8.033258294979149
27,2,5.033565006057827,93.65336496083445,-3.4329641894395424,1041.4353910188365,5.2158109974472815,20.040603448842923,-39.971186055228976,7.603547775228632
27,3,4.997969741496965,91.07882682818963,-3.255500444784369,973.232744388357,5.2722381063809705,20.02100191694737,-41.23040358998819,8.00812103703231
27,4,4.933155660951767,82.06023129070638,-3.1406393091065903,969.0013720449425,5.762119824951992,20.027973221105515,-46.62449841677895,8.14285515157458
27,5,5.055811243730739,103.15835701979513,-3.4621907083098034,1024.6053051464721,7.353685843561779,20.052467487186565,-37.265896419879674,7.19849537142675
27,6,5.053485652743868,110.35991010534109,-3.7624173173333433,1030.1867501142774,5.039903268362881,20.060225200658625,-36.07429793655027,7.568827476370142
27,7,5.006705812007718,88.29007672341531,-3.2591520001105803,976.1494283072896,6.626731163332228,20.037060811714944,-35.81312587491007,7.580692840315403
27,8,4.99375777501,91.60525116497296,-3.705731124535767,1045.600541036417,6.844193355737024,20.047102670915923,-36.24633689769178,7.378269269938936
27,9,5.049978845854423,104.56791765848473,-3.563677077284556,1011.6462235826793,8.515202252335445,20.055831703248966,-41.20348139296341,8.409033398251552
27,10,5.0467764076222545,119.90913251715205,-3.5533352294267044,1059.47381520608,4.7024749517148035,20.03948596419237,-38.83111018485137,7.331898328837051
27,11,4.971091183310588,98.52171370343503,-2.9776582783025827,954.9786321921254,4.414113204971661,20.03074523927921,-42.476229239017265,7.803756957298824
27,12,4.957860714183696,96.633583716394,-3.1729817166436907,1031.2110797042587,6.87949314956763,20.032975181890343,-35.98183655628125,7.498378862836803
27,13,4.86342517309393,67.85686397733281,-2.2398324227539255,961.2241370021476,0.15263609891630303,19.950050593066234,-44.22466552305886,8.415378894673568
27,14,4.85888295285864,72.4757935007717,-2.527651178795679,979.237567262961,-0.33182776467878494,19.96928492144955,-38.226738620772,7.5218297320055525
27,15,4.925571210380377,96.67401881571094,-2.467638235066682,997.398748571993,-2.8619666395819734,19.9657484465453,-47.396899331842484,8.1908895478497
27,16,4.880182002751246,61.825615566783775,-2.880768965340874,947.818670231808,2.357138831639816,19.973682120367073,-31.716965999161317,7.443010616659183
27,17,4.899184197406609,69.88396281391618,-2.2116576729864312,917.1459698594281,0.3549718837796597,19.967306478656546,-53.36822141364277,8.728972555056531
27,18,4.931916510688923,85.05358984629264,-3.0465437603452328,964.3455881114746,1.2163076808573174,19.979276707691604,-48.47915064468999,7.656865636169191
27,19,4.816170726943862,56.602955536547704,-2.2718849209782963,895.4831229627358,1.1876769903549635,19.954357197250978,-40.24911688500518,9.175118837494653
27,20,4.8289895379062795,52.541484065198,-1.9539783942175324,898.8027322904381,1.3757595701617515,19.943823999115914,-47.09324418612953,8.927032051517218
27,21,4.931755965663298,89.59185250411583,-2.8150852519676404,951.6572561667767,-2.6291190207282242,19.955927076740153,-45.50493227788934,7.907829028479995
27,22,5.008788241364945,96.57334773651695,-3.619920223788416,1011.9544946373326,6.221154218771489,20.048123280651186,-38.56736397474279,8.078599810679796
27,23,5.022215421008567,105.97930467768205,-3.711536534373505,1002.2802936091704,10.342796301932868,20.06182246408667,-41.13301572823944,8.005638144292007
27,24,5.024961468281097,94.6288933228868,-3.4521728842966746,1036.372858830067,3.371113804054842,20.04372719152112,-46.03013182187309,7.898551316075394
27,25,5.012812169337968,104.66717988792148,-3.7830198395813666,985.1321887073617,7.095838775409295,20.046250373252917,-37.94133499552364,7.991728099069433
27,26,5.070670583865104,114.09948063577912,-3.8187793432763777,1051.4215628760337,2.9996361809540177,20.047566348943487,-41.96908829237063,6.944715971864748
27,27,5.030486370341445,84.99132317528067,-3.4068363748232233,980.4958432140036,6.107597245718077,20.03445877027935,-42.99587966186562,8.441215777038774
