y,x,sensor_1,sensor_2,sensor_3,sensor_4,sensor_5,sensor_6,sensor_7,sensor_8
0,0,5.087812580748816,121.17734097821175,-3.8557651389634895,979.5237421328616,4.405370571137191,20.064798900075672,-53.07414694650245,7.644423964704818
0,1,5.066292053583881,110.07863358643962,-3.988364740552851,1001.0792642726028,7.704208705360154,20.061161176780033,-38.06076013786108,7.753876742754478
0,2,5.031097826497489,100.38714933214452,-3.594863579208556,987.7984273179566,8.752345397610158,20.072037847210265,-36.32411078935247,7.814364109497809
0,3,4.965341609094492,92.89168007787077,-3.4009249310625624,990.1636038756172,8.865511204055398,20.031570684879544,-42.842946934361315,7.9674256127489995
0,4,4.993861712938472,90.55401393150852,-3.432054872289439,1006.2001081025782,8.274035430650548,20.040846771043483,-41.15653365480934,7.67463953892869
0,5,5.042010164116812,84.24465407710345,-3.3257131915697338,1028.1103354501602,5.726371786074497,20.030552292196457,-43.030958654433846,7.800889729981789
0,6,4.97373171223472,90.69614118695793,-3.1102247545610404,987.1607317663651,6.181938874363031,20.02205772235634,-44.10509306133945,8.269677428835818
0,7,5.076166355487179,117.01108065073443,-3.818531711301598,1009.107204946442,6.6479021307476245,20.051067161242408,-40.42474044541795,7.443885295521441
0,8,4.957208722592632,74.37782008881376,-3.2988935135387027,1012.0539977896415,6.257356112063097,20.023852314545465,-42.35015507146402,8.131228233896914
0,9,4.993504914960097,75.95606437167314,-3.3080231879470166,983.5652239452363,5.8811338391247165,20.03360105991199,-46.12885822534176,8.191006829384275
0,10,5.001950584718606,96.46109271734883,-3.2791713299634395,1000.7938085643347,8.774353105476894,20.044116014404672,-38.50868311200432,7.320347578325946
0,11,4.993661751035743,88.17094138202849,-3.1577535937446393,1058.0087750484145,5.460443585424441,20.029213581371952,-37.821564983894966,7.136334056074151
0,12,5.06256828016439,115.11150072503881,-3.800766550012544,1038.8288948555246,3.6847724308097156,20.061415417123726,-44.65317462289255,7.682365378044452
0,13,5.028152066993194,97.7371597139465,-3.6399630497259285,988.1895295892172,4.587790345988701,20.023297357453114,-40.95304672150936,7.969158863848988
0,14,4.957753378656342,86.82984117925385,-2.921543729242886,935.5243012356739,5.412375243693905,20.012068792619548,-53.10272442731855,9.637566867007136
0,15,5.025713496955749,92.54664943427292,-3.4830192511045692,1059.2429084098196,6.331280408249498,20.052039022716244,-38.66175874560315,7.30346482355106
0,16,5.104151334452226,111.25364024892133,-3.9966232298469806,1071.0045136797917,8.031897743147692,20.05844202610795,-35.454633566934774,7.012117710785905
0,17,4.965970802695406,96.99758220266614,-3.3688349395968946,1038.7784864858838,5.421918699099383,20.037598774762003,-40.23218940448389,7.4573873945973626
0,18,5.021093010239845,94.99068550443474,-3.678420047208012,975.4270374046271,7.182476398908762,20.051174276649032,-48.72166922766263,8.814631156386152
0,19,5.065023863960577,103.59227532603322,-3.616475136462915,1022.3590477471562,6.746889370986894,20.05317665461064,-42.32654301658501,7.795016801945165
0,20,5.008749193312241,92.1052688330434,-3.1271130337089867,989.5699646349279,6.710735450566132,20.024960581502604,-50.89333678660252,8.720767476352762
0,21,5.004425580475366,87.42375849910219,-3.6293059403932,1010.0215000339801,7.706855581520566,20.0543080000788,-30.541868391237777,7.648151235614022
0,22,4.991872941921354,85.80840439817705,-3.227770045287948,998.4232088475045,7.796140816646893,20.040162673325483,-41.27655099018291,8.36864488109771
0,23,5.0475401870415775,98.63427898860147,-3.8879570366562417,991.9085078697257,7.680607854640911,20.054071862871336,-45.12264136620044,8.55157242916746
0,24,5.026173199986236,97.85900402786471,-3.2806307174927465,990.7382224148947,5.815209822328185,20.039943335313623,-43.250546961857744,8.053747987422348
0,25,5.111608683257827,110.66443370858423,-3.7583631674435276,1037.8831713538661,4.679334151697461,20.057353146698592,-43.01250584493701,7.350870528819344
0,26,5.052126425908921,94.6775425905495,-3.596115238620512,988.2578423520259,8.896749114251172,20.05578808090755,-43.46801830054835,8.463226559067127
0,27,5.028459766152812,107.20018035183276,-3.186171609494056,1010.5778396623614,3.2671986609006245,20.04181016220644,-49.854426571555244,8.139645116329392
1,0,5.0516944416332645,99.34685802369859,-3.689685867851626,1043.3255482144248,8.662530041742817,20.077777443502246,-33.22219695619634,6.875408513147802
1,1,5.080057712386889,107.21887706786987,-3.880783572009673,1011.5312046678783,6.351763820942368,20.05422957789946,-43.17506758095773,8.048185569914963
1,2,4.982325086286535,91.78564600549619,-3.1981953692915916,973.870154797193,5.842045926194896,20.022302711795195,-42.871967675753474,7.766604443500314
1,3,5.055151902804004,108.23752703305442,-3.6907611182796614,1030.9841881635648,5.032197076569945,20.039977106099972,-41.21661061290288,7.345268053442017
1,4,5.001736970816053,97.18790135995252,-3.154040878577183,949.11457151185,4.4058759318786365,20.010725336811447,-49.24991955618588,8.526462283420326
1,5,5.0573925810483775,87.10036938466918,-3.4309514919966695,1023.9726379885199,6.794095306025539,20.06662952888069,-46.60633544680675,8.234873064664754
1,6,5.022338082511557,103.3899754059197,-3.8404004613762903,1008.1727003952935,5.6470371128537575,20.040399119699845,-40.520990126051856,7.282632325520747
1,7,5.00158774278226,103.2258112024138,-3.1720563035208262,980.2402183697458,2.563187571482973,20.02363329641962,-46.59799499429289,7.973714638497087
1,8,5.002858046336027,96.18063126650468,-3.4180151420091827,997.0904530700465,8.228791806083146,20.040153217718686,-33.7184412647476,7.784825879059461
1,9,5.0393825881294925,106.14449373824033,-3.548772450207921,1057.0455422863017,5.588910466631854,20.045410381097792,-35.82923787220882,7.296712204529823
1,10,5.024022901449109,96.20575156665296,-3.757659367034677,969.4367618614502,11.257812037936336,20.060139654244974,-42.88858366348947,8.567696729942247
1,11,5.025639417182221,84.83618300846754,-3.32625306411658,994.6373760384101,8.973733465626763,20.04214510902732,-48.995806426354676,8.868378892091517
1,12,5.025219350054399,102.41778999577146,-3.6380414536364243,1060.253721380024,6.5954763119531234,20.05820098601805,-35.79332216284871,7.719524287811104
1,13,5.0363759174605685,99.49896767924477,-3.271841348303036,1000.6449180086297,6.617490016387291,20.03553706514055,-40.68289923505997,8.379856372929412
1,14,5.046299428218901,106.08191395418467,-3.4596657100024713,1007.7336696298589,6.186165521658959,20.06662501009484,-46.36329202093894,8.575641234578463
1,15,5.098336917516813,111.85900136317868,-3.763846722528323,1015.1013810989633,7.310658656000687,20.061131283485093,-48.867247000813045,7.349306575877712
1,16,5.053479494418287,104.24955275463978,-3.7112219872795107,1020.6351275177076,8.373260772211236,20.0528848769334,-41.75566350060117,7.793375980984101
1,17,5.0075349120608115,105.55094931745455,-3.520643184565874,998.8507914207534,6.102121025284382,20.044073539645012,-40.1251889167214,7.712198464494742
1,18,5.046184000404981,97.5590379192159,-3.932713926384089,1018.4697811165331,8.721336729723133,20.05226343520658,-39.978765414916346,7.835935265287747
1,19,4.965470225165458,79.06622051505313,-2.860890378885956,945.9586256633655,6.207647388443364,20.010836021585295,-40.414580436833425,8.51634506391776
1,20,5.056978070139322,109.48777543509695,-3.769369470587023,1027.7883409227866,7.681920635973628,20.052226342926446,-41.52956436425309,7.964352060317752
1,21,5.033101889632607,98.35355623856151,-3.490795457916019,1018.3529433501125,5.062259985961513,20.04639857890827,-41.57805572512405,7.9452281282812
1,22,4.990044180677314,86.68115082307989,-3.2042331735267777,973.8416298382059,9.051592762343635,20.053055638050225,-46.348574531124854,8.852704998608363
1,23,5.002213536659877,112.22901243628561,-3.356200474538367,988.5846792665975,7.5517373216832535,20.04203517167101,-51.648620988825556,8.773906083130958
1,24,5.007553795524573,91.88865803458778,-3.324397349525349,995.9025537742256,5.475843553506328,20.03793838629957,-46.71732421474381,8.726259733233551
1,25,5.009394328867326,88.93589964536405,-3.124371951576653,959.0575564792379,5.787999501044007,20.031947744189395,-49.66434508665976,8.731797820432853
1,26,5.020350986344444,103.35233747975369,-3.4454749789229813,987.9806407294286,7.473605778612431,20.056323551804226,-44.94430787803993,8.236657955088226
1,27,5.018524229323743,87.46402022389366,-3.5072957155922877,1005.6562426758214,5.802244897118376,20.024181594061318,-47.08516323908626,8.221126997249401
2,0,5.005347009884994,84.94245016932021,-3.336501689693608,1006.0003316816974,8.18585080195168,20.043648630050203,-41.91576656603232,8.537507288491547
2,1,5.066587324454707,119.67951724808974,-4.099075125117455,1085.5400554328521,8.342284249243864,20.063588530928694,-27.805240062654235,7.130558918312837
2,2,5.003674884846455,106.76585056201692,-3.629096703210991,975.5128063756697,5.221866189438011,20.03127711745583,-48.17579523716016,8.265603880039201
2,3,4.973760625787241,82.52479932753583,-3.3083277047520454,1001.2064259892734,6.256674983607791,20.03157791699731,-43.71951688903464,7.538345037708854
2,4,5.040356971508785,109.94797036213605,-3.5792569124568496,975.4324831356898,9.319460192790878,20.062083312338366,-40.33875979616811,8.275821372063195
2,5,5.003312888856632,88.63032942489018,-3.2776653987918807,1061.001106120445,5.164511899897136,20.036208177228495,-43.021757530578384,7.509628553339043
2,6,4.987120894342496,83.02774408867958,-3.4258377219844913,956.5599543521663,5.931388860081198,20.034567196620138,-50.957715446520275,8.727099718658062
2,7,4.9900333507853185,89.74707792213871,-3.4806507160088715,976.0579862841538,7.111425065280148,20.050881952566073,-47.16863533422776,8.476340021345994
2,8,5.000834364529919,86.32598673178236,-3.3674362277761842,939.2434763074505,5.085651768464948,20.030439598295253,-50.17798825333728,8.630219901156316
2,9,4.976900351330789,77.90423195472302,-3.099717672509362,976.1702224127872,7.776227983741229,20.060568751082663,-42.46241227224885,8.006806837869851
2,10,4.994642494992223,82.99459422914316,-3.47776083952814,1030.7248557438916,7.088581547860809,20.034149844169722,-38.97254443591779,7.86241095949997
2,11,4.947690386434225,97.49083157484905,-3.5787482559300825,967.7430774124374,5.998777724522337,20.029430904961394,-40.8189815564937,7.6036521991943875
2,12,5.02854551769072,100.76966009440768,-3.720290287843497,991.5850924535197,7.276459882439305,20.044887641900463,-41.13522915807867,8.473242348256308
2,13,5.070196979934193,111.18652853514206,-3.6478815840551824,1033.8190628063212,5.717791950596999,20.05132244025168,-42.02695912023203,7.173059698316186
2,14,5.0698241802606585,112.05041880325231,-3.638120578085341,1068.623814054942,5.671698387704647,20.063001541385294,-35.641336988059145,7.345415261685927
2,15,5.0708235149870635,121.9949412058902,-3.4721893080024833,1018.8972554082984,2.9472457620693886,20.043610862397742,-44.71335845957687,8.104484445445388
2,16,5.047294859550135,105.39980527083284,-3.632962661146462,1018.5148696702914,5.406012016016689,20.050208139455,-43.32755318612021,7.5270266356339475
2,17,5.056026667729707,94.70615045366955,-3.538600679211532,1021.6860553234362,7.266900878923888,20.038443627370313,-37.3828268965727,7.641090486445581
2,18,5.040344530997044,101.38533319970412,-3.639298078312155,1001.1488184722563,5.915359505416154,20.025893258888107,-43.743774204117614,7.789877212832352
2,19,5.016475032318781,100.93550379243825,-3.0914132484240286,952.6528550222922,4.085352141947824,20.02646373619333,-53.995231226788604,8.72373044591271
2,20,5.0439773589247245,104.32273568297116,-3.5168787275965667,1049.3884123642674,7.913445587466545,20.048583555173316,-39.94108273801176,7.789461794224413
2,21,5.054551288121254,105.30571167535003,-3.4428189788258026,1030.5169079494763,3.038391758855304,20.03077002558272,-44.873726341554146,7.67459751838993
2,22,5.048840797634895,109.32252570932162,-3.44384324332344,1022.2954624063149,5.013335076718553,20.02954842951488,-41.03627959526286,7.548497962157762
2,23,5.056279350863186,102.89353005014262,-3.337118302044124,1032.5317042018762,7.545670862681037,20.056118773614585,-30.68060829583795,8.26031771019561
2,24,5.043927623894739,110.68927248452458,-3.4947644380522753,1013.2859166292538,6.182660548099822,20.046268852641656,-49.46105122891894,7.771985698055818
2,25,5.03791803190018,103.7813640938022,-3.413971494892608,1024.4850499848671,6.717111154428523,20.058192290223268,-36.01087183583151,7.786968058952765
2,26,4.993243005261322,95.01766756381402,-3.440222204997023,1007.4356478323701,4.847502611326592,20.0407485780952,-36.62709949601057,7.924042571706625
2,27,5.02750317617313,92.7249302311177,-3.430555130255349,1013.3131491122307,8.493929933792902,20.056998275461513,-52.48437356748293,8.505053538897362
3,0,5.048084215963945,103.5618048861232,-3.6029907848873313,1000.1142478760646,4.099816808026349,20.05062136060546,-43.60888509053407,8.445639892631181
3,1,5.089220210050474,101.57749616521859,-3.6686522357648506,1012.4271978999966,8.876123429898977,20.05424353678681,-37.148667020754615,7.506917205296917
3,2,5.031494337658906,106.18367473290711,-3.5898602128174533,1036.4701707673041,6.536908197981392,20.054982905745124,-33.73732155954343,6.9574616187381375
3,3,5.013691834725536,95.42811570408435,-3.198024370870186,1028.243343824844,5.090077488093307,20.02231573367441,-39.08124237324212,8.063116786599045
3,4,5.0440399316418345,93.0491569070546,-3.32834756313175,966.7766499161578,6.80002157456467,20.04970080739875,-41.88396415075524,8.305798567525693
3,5,5.010412749163482,89.09478548992037,-3.4581921040662142,999.1166236014941,7.795912821114102,20.04265387815512,-47.676880643856904,8.53873005567989
3,6,5.043844858469408,101.4463009600839,-3.2570093596984684,1007.5763388157951,5.629084619261264,20.05008238774097,-44.44258284628046,7.860980087618044
3,7,5.041701349058744,97.42331585580884,-3.789070684822167,1028.8252036421866,8.515342884937498,20.052850795026792,-40.31207356256702,6.96653575959793
3,8,5.035341368062667,94.63067536633847,-3.764187393638668,1017.4142811620824,7.822197894238086,20.03005093808757,-43.41504970202959,8.004621077407823
3,9,5.030795042403198,117.42481756027695,-3.581532048166123,1049.3037467329912,6.087633040560082,20.059432865588615,-33.8619357807281,7.6417157685351205
3,10,4.956188069312651,96.51292130674048,-3.0548607528644367,982.021507620253,2.4720419369617703,20.010792778930792,-40.41823955789343,7.746709166349973
3,11,5.007332887505252,86.6316110473172,-3.6754895300505965,1036.1115031962256,6.3930280484679844,20.04553370724305,-34.129256822081224,7.29500010227803
3,12,5.0112527475308815,91.05035097001632,-3.4643788814463563,1031.7063640107817,6.514820960561089,20.04473435035896,-38.57454973653586,7.220102012191498
3,13,5.013507423306987,92.52240685678903,-3.2595994832123476,1005.0019005288061,4.714331755692536,20.03845416574504,-45.20628737292311,8.201122686747611
3,14,5.018150703144315,96.58621286273623,-3.2679630984506085,978.3324429023162,6.250961902084232,20.02703754167858,-52.96338157808413,8.693171529400534
3,15,5.019120123772442,90.78287300975876,-3.370452110890659,1034.4929852866003,5.529012448164594,20.030407446156662,-38.55498128083434,7.3793390559393535
3,16,5.07365116761427,102.39897728875137,-3.785293070730612,1011.6824654236771,5.961647086297943,20.062967692776517,-37.1378029251964,7.823766302120213
3,17,5.103368043804853,112.39093432687665,-3.635874772314602,1036.6405208624078,7.247713776382741,20.04196439002914,-42.864363591725706,7.352396304825184
3,18,5.020310873262414,104.10250450547159,-3.521292663535103,988.3547678833345,6.903511865870921,20.052757226303896,-44.519183760397866,8.155549926257535
3,19,5.01352303074491,97.18589938594683,-3.710139347997026,1012.3139049008649,3.9919823544580515,20.029063653527857,-39.919776535195,7.2266602655315095
3,20,5.049596406954147,100.79692437865809,-3.293495720573275,1016.8994477588349,5.7658082814996385,20.05197761882975,-45.090534151010225,7.418837821453666
3,21,5.000234404666883,88.86003518701776,-3.482798687823955,1030.8014914611945,7.151024189127185,20.03475750191806,-42.87063187495991,7.96175560835768
3,22,4.980093644580604,93.30748843970441,-3.3247261935041754,954.3173339659451,7.578806626869191,20.042351462330704,-43.7574175245252,8.918384960689556
3,23,5.077135963091073,96.70322510142927,-3.7513861070712493,1040.2489955379779,5.137976132592665,20.043707268194197,-41.63046770400895,7.5981397289129795
3,24,5.0081621860836245,88.02174988106336,-3.2980656665046624,996.0467801427983,6.3397322891473396,20.03650847635178,-40.25628045216702,7.911429443495127
3,25,5.060862083076034,104.16370833142166,-3.724981932441346,987.4123361664864,8.142939989261647,20.06422936122671,-54.43027553324825,8.300573898800248
3,26,4.934658421966523,74.45057856704321,-3.029268342881719,927.243258629115,8.980792828607086,20.033713562278194,-43.852754232823145,8.45794078112664
3,27,5.02023480548473,93.74433772705778,-3.0756229057189293,1044.614067051013,5.281617108128078,20.023290382421237,-39.69683275026526,7.856823901268255
4,0,5.0386483870947565,99.81595049856435,-3.5150776647805633,1042.1870224358306,3.4240452896279114,20.028152893637916,-37.72610235267605,7.090715417556818
4,1,5.076998324992987,103.78989592800694,-3.6976903697629773,1025.7576252705057,7.6622403576211315,20.066881276495316,-38.52131471531772,7.840457534966529
4,2,4.995655279970318,84.60328435986062,-3.2755671201040473,968.5399606130591,6.533546522623704,20.04448081710817,-42.52775604748403,8.212506483165262
4,3,5.060687231458746,105.36899777910034,-3.4363056688439646,986.6588245040589,3.9829025565011924,20.024880452126347,-42.80841467386506,8.94283365220143
4,4,5.073891473035861,117.93793034699766,-3.9820635413025447,1061.1281307402132,7.126539647892279,20.067661026788116,-40.02342076929774,6.867226207482734
4,5,5.011236152581759,90.52203507005345,-3.3262570420377773,1007.9900913364362,6.1786181143601295,20.030635496892646,-49.215979096630846,7.911604278172108
4,6,5.038626398394358,100.28729252582154,-3.4837182466654606,1008.6295991870746,6.764726131402313,20.060019459736004,-43.76721370664757,8.40670062201531
4,7,5.062600949044448,109.85878990331678,-3.6003542323232187,1032.147884373698,3.3235805190475705,20.038404129207812,-48.91533634324947,7.698578554551565
4,8,5.04979423748545,109.53220615504573,-3.2101295840804784,998.5039327765523,6.268471911729794,20.04187879459151,-42.13911253032758,7.414601824010818
4,9,5.067853421158818,109.19234285955253,-3.8211711555470522,1061.3562605860461,7.502200688467093,20.047537269751345,-45.88098084332885,7.501814176535682
4,10,4.997510795163474,101.1059323229925,-3.5000486239570314,1011.0266791535154,5.550848784139596,20.028268881879157,-38.553893203984984,7.281701534348183
4,11,5.063794205770236,102.34320045310105,-3.6869082845020045,1026.305013652936,7.658461709623557,20.073750855890676,-41.94773701815782,7.59544207679038
4,12,4.998572464948712,79.78281299988306,-3.1978382436150974,1012.1004395000048,3.872127576459283,20.02099376500356,-41.75266583442351,7.336927159472953
4,13,5.104008363700489,120.72774655113253,-3.9131898334808053,1052.43862653555,5.687797752095959,20.054358974540087,-37.034228323158146,7.112010693321465
4,14,5.076270557509205,102.44465157310039,-3.982778863422189,1044.4645240920981,8.054021506259003,20.071907503561796,-32.78123863855615,8.076583707300005
4,15,4.988224404991093,84.08533852320758,-3.2591189594132826,1002.5035622649741,6.716850083626226,20.03076476728945,-35.76822198284803,8.059777856530097
4,16,5.069670113421266,115.22821012370281,-3.2525229253180337,1004.4804027415665,6.619160087009536,20.045243091279097,-51.32881673302512,7.688574722329133
4,17,4.997104976930726,91.77613938517266,-3.1956797996846418,984.2413596052888,4.882539421926419,20.016981395950012,-44.98457926154692,8.164421470787843
4,18,5.008760385018563,92.93082564331438,-3.632068089469956,984.2483533567407,7.519933349628245,20.044174737570586,-35.60780418809066,8.03801160357668
4,19,5.109977537005939,104.16905295942797,-3.899459951297923,1056.6502346502837,3.4022352955033144,20.022240362929825,-45.631461006109596,7.44735171953169
4,20,5.039667228508173,98.87655298452827,-3.498896522083146,1005.4264250531292,5.011770246488082,20.06686315037288,-46.87745107078931,7.709979964695798
4,21,4.966326438138168,78.89309712728904,-3.286813469528982,967.2238694707538,5.86462821951521,20.034629326937008,-48.815271138043656,7.862962929245779
4,22,5.049026490220087,104.7866998534501,-3.711251750058852,1019.0793889008075,5.577753635235369,20.05531121822516,-44.08406852426358,7.769927520810928
4,23,5.021067864471105,106.96227331525438,-3.270062619314901,1010.0078171191719,3.641646785990519,20.033419546840687,-38.91006184560187,7.717150991928392
4,24,5.029989869801426,97.04030039503859,-3.586972544302994,1006.5486966039429,7.863119460162126,20.044638170395668,-43.001370977009124,7.750263388527697
4,25,5.027378453701821,108.328818240887,-3.4152653002793905,1011.6162404057832,5.560889380730254,20.050919317487462,-42.5520523553379,7.578005272890568
4,26,5.02399179982679,87.78089371462377,-3.6082318365587023,1024.099850731712,9.939006621139718,20.057178751515806,-31.599373871098564,7.825053621389926
4,27,4.996651771469074,102.07724055425865,-2.973051985758329,970.7708213350411,4.451813318420463,20.034915760722086,-48.83194428548171,8.263587731391453
5,0,5.09556503440603,103.20660288033255,-3.2347992222856106,998.3843114792887,4.721613390548877,20.050159704829017,-53.458718054007335,8.499233169412543
5,1,5.014635973830636,97.7424340794372,-3.624345273767634,985.6399218437618,7.674790363412756,20.050314445296898,-43.82019163248287,8.254917057745253
5,2,5.065877055537884,94.65281120380578,-3.512636223402489,1034.547072674844,7.083347953429757,20.048437383717044,-40.76023624044418,7.767316804920623
5,3,5.060427828550139,99.91281917295913,-3.590406778650351,1023.8168636445323,7.872140892465095,20.051825005578316,-47.37732909377212,8.758335680723414
5,4,5.011905897497763,93.80852833133072,-3.7576327267820444,1010.9791732890365,5.402076592455392,20.04000838139031,-50.6173500274474,7.6747868565020285
5,5,5.005421996818687,110.5875444756554,-3.601110396036982,1035.8656286704174,7.617276047409829,20.047336347611708,-40.818115045298754,8.068486331750844
5,6,5.06355520774298,90.24515645146055,-3.5842850531302424,983.0355987399986,8.234707412046102,20.052653716997295,-43.13228718980993,8.028586401169186
5,7,4.981664179157867,90.4695673371645,-3.2963442734533817,971.3708038392575,4.4406458225546706,20.035843827567827,-43.01776571373481,8.109724948981313
5,8,5.002512759796304,102.20773441821368,-3.8297886341050447,970.9959834661014,5.977461927688972,20.046320928639094,-34.57943525900257,8.035871640954658
5,9,5.0196759580914,94.78264012733983,-3.4580366391560284,977.8266713334602,6.286351932166223,20.038810442627113,-47.51721008136121,8.285294503337061
5,10,5.012445135312612,98.02601924063505,-3.7204634323850887,1003.2519113075484,6.065768172428002,20.045835639835264,-33.659044412996096,7.666106523637316
5,11,5.044404039377531,110.14404202008484,-3.8645486715085244,1099.098806379658,5.576327469431127,20.047559782364612,-35.357385714761705,7.145996811801239
5,12,5.004562143656677,96.6500186944033,-3.2871735448015045,967.2904137403311,3.835471958880225,20.037552318262513,-43.24995278371743,8.435980895990557
5,13,5.0117524237663496,93.23572987699778,-3.142278917647007,999.1203334576536,3.9026915786384606,20.02683528341147,-42.615059544989684,8.144427827361984
5,14,5.057460324197866,94.75490117897907,-3.164763429317876,974.9413914651096,5.346529749300194,20.019563390826075,-46.46184659444384,8.429350656510032
5,15,5.02762735289328,102.6103930283812,-3.298334174014627,1015.2832047537398,5.574281609760899,20.044618817909594,-46.25027999558938,7.752247974227996
5,16,5.008457625740011,79.20099063331239,-3.219745723509971,994.0422085398943,4.993585380941746,20.022176904373698,-49.41073052806137,8.296609125826112
5,17,5.020623850499428,109.70341563813471,-3.598335772955388,1010.7174159923661,7.28883494572892,20.04621089997405,-39.59253577546228,8.187878289652595
5,18,5.0499774903430845,108.79382229691855,-3.6638223973826505,1049.0596125324464,5.901848818985404,20.050894611054236,-36.00961114710839,8.199654629587203
5,19,5.062618758343098,110.07338805150465,-3.7310394048959994,1043.6468988728534,5.511680589358238,20.06936509281492,-38.10167704008214,7.916887865896619
5,20,5.012809095603729,108.52812765904143,-3.0546748260347956,1018.205854968704,6.22956857316701,20.02467484836316,-44.93188533441084,8.595822245279447
5,21,5.044002385470738,93.56034244687646,-3.3492887436000123,1001.2820930632396,8.451499607094929,20.046340057493587,-47.03316710002112,7.980889538415547
5,22,4.976982178772847,81.61255899564445,-3.544064665374631,975.8454945225075,7.44819142252369,20.03446987162055,-34.73766858575986,7.703409198679713
5,23,5.037165991345474,89.39503004807202,-3.546495703380848,1014.0383878121813,7.402399758587967,20.038260288356348,-45.306897570640444,8.05218205896041
5,24,5.041560331410276,94.20039638851215,-3.2692222695576447,1008.8894442274575,8.151932169891053,20.059697591905763,-42.389244496850644,8.614879422171303
5,25,4.973462707331864,89.29885310491832,-3.156122919383791,998.336089562928,2.4316071192433957,20.04049276252439,-54.60465718250079,8.218646288454659
5,26,5.000676408637375,98.69110663923497,-2.731581045818285,970.9469658684494,3.057037028565539,20.024927701236976,-51.7221963351152,8.241637395979886
5,27,5.036101144227474,125.26298490822606,-3.7775452740906457,1019.6633418390077,8.054732673489701,20.06644096680285,-43.78241392913709,7.8751837193665875
6,0,5.014991530037193,103.78962355571605,-3.598319737664724,999.3993332716199,6.008271043766689,20.04175361804041,-43.82165291929477,7.332778993345558
6,1,5.058149110698181,98.31422908797565,-3.735211392771703,1021.0251309805908,6.584634378889767,20.050072654485856,-45.55848447441746,7.687830021567819
6,2,4.958912331652913,86.0913199353262,-3.3574481955293742,984.1453749571498,5.272378978184266,20.024384497741377,-46.83975173958346,8.258435491212838
6,3,5.063397282244467,106.96605712100427,-3.7537334197770673,1021.3842379826766,7.030317500853379,20.038848008235146,-46.31518816612176,7.066025917699362
6,4,5.040376858716507,99.90188573114705,-3.4020661807393777,973.8283664070307,8.495525748125347,20.051889944161562,-53.59783595645855,7.504938011691703
6,5,5.0509437256003,97.24956577644605,-3.707567962477441,962.0806547715251,7.403324391340778,20.036811798064242,-44.42368755632303,7.654772608930674
6,6,5.04249677565559,90.33411743441995,-3.284576587984048,983.7198582729363,5.64338863798382,20.041604493071773,-44.61164981539824,8.30866712262025
6,7,4.99606549822316,99.85682757704312,-3.1669355437253666,995.595902075134,3.9125935493110746,20.027718362654692,-51.78111878389895,7.971618733061746
6,8,5.045540542951297,107.25520192147405,-4.032827617599455,1036.5545453588281,9.816524475880978,20.072320517630985,-33.33080683933484,7.597214371717219
6,9,5.008415829417629,94.91690119820689,-3.5290555782086765,1007.5876753255992,6.550032351868255,20.042978940629244,-36.6016204542649,7.832070701503231
6,10,5.011072550038052,84.64809367878954,-3.2722887257997293,970.5452484855506,5.693115455858867,20.031953081550157,-47.64222133264839,8.209975750387237
6,11,5.018169067085706,98.6966616599093,-3.616450038529287,1006.1196075364612,5.52114589682129,20.04284632253483,-47.10213452693064,7.788113322631205
6,12,5.027179852848322,96.21283088422834,-3.5590902036668863,965.5339988018912,7.844778205200128,20.04421162287767,-42.58486940588914,7.737841205721274
6,13,5.011461189532609,99.95140970613146,-3.479622184669056,1034.8218102307887,9.372967526426113,20.059898605311343,-37.12889824732845,8.062229302698245
6,14,5.022989115499168,118.28894525094807,-3.4618285114246703,1066.3171308315355,6.1811964234204835,20.045260168552836,-38.91836591485895,6.713182025375585
6,15,5.010992822965735,111.10357953032349,-3.734689738812552,1017.2280863653718,8.83319582291685,20.04287483571213,-38.7440345070989,7.398831811704824
6,16,4.986787010060162,88.42456660440949,-3.32009650100949,963.0581665308549,4.820931343743982,20.018659485216304,-41.464551433354764,8.13928979970808
6,17,4.975897864806893,81.40734489359605,-3.205788411115808,977.6560499220241,5.031267626106717,20.029130180446842,-47.45086808251743,8.072483186944998
6,18,5.012657964241137,106.43438013207823,-3.614477665653948,1008.810120566878,4.092441064380053,20.028249421582252,-49.37714504805769,8.743600679334282
6,19,5.023024688827255,106.20665315074882,-3.819129132233012,1015.7453297817724,9.752055734805523,20.050464623492,-43.17557162400104,8.429576959032003
6,20,4.9913707778520395,92.70265532313465,-3.04691908836319,970.0201653094717,5.49850415218874,20.028359761628494,-40.48517972722014,7.705046431877938
6,21,5.0495787896319095,104.48816715566184,-3.6587945680889598,1005.1002068787748,9.396136894576884,20.052631415844846,-42.04438925081848,8.220340452103036
6,22,5.061130828464829,100.43047815615512,-3.340176748189907,975.1734156836537,3.8382386672744486,20.04216322539241,-48.547129998590634,8.818525283613933
6,23,4.9523509424443946,82.56774309942142,-3.3577510031880884,991.8533167654884,7.1676300550003536,20.025022541326422,-44.42494108686199,8.14626456709938
6,24,4.996481716717794,90.9233687073205,-3.6069145535531093,1034.0140298731467,8.636751069977919,20.038197322805686,-35.62329027760289,7.401860211521104
6,25,5.010138277956736,107.96732011339344,-3.4327471127122235,994.9563913677167,3.458011776092942,20.034532453194164,-38.233803998727126,7.837006969289169
6,26,5.047637424326841,112.42757170854414,-3.6220655658376364,1034.7753635630324,6.7142325890601855,20.047656870565966,-42.63299290506197,7.949325575679126
6,27,5.05138135936985,113.41776998709845,-3.9103774771474034,1033.6979712183424,7.018009018621562,20.04501736541473,-36.29280950514436,7.33551900497506
7,0,5.014194534816084,99.16006725354859,-3.475403821860376,1011.1069553888718,6.067741096810409,20.051036218527678,-31.438344050663474,7.38680262651423
7,1,5.007301171709224,103.53627807834609,-3.595968898064483,984.3773753932702,8.688341701740821,20.050394443208255,-34.04331993849648,7.084118386416971
7,2,5.068233897365283,105.69301494537763,-3.622875672442585,1027.0255495014924,6.1492354778611205,20.051020746523072,-42.38424107661563,8.309896505273484
7,3,4.989205298930394,99.89681299031304,-3.0747468258266273,1021.588126159409,5.3338485695504785,20.03673685437715,-38.53263927641032,7.508433476157135
7,4,4.9792135858996165,86.61652180368476,-3.2890771346492227,991.1448290620222,5.085420829108467,20.040551513742283,-40.937609334085266,8.345427604949464
7,5,4.99731158797006,97.50512997843957,-3.4060068583677072,1006.7724393689936,5.83018458857626,20.032358030120264,-39.62256939208603,7.740793409800397
7,6,4.953784793787494,83.78342316228857,-3.152733068118039,986.3018322104936,6.813417946991773,20.026284786879657,-43.92305179171322,8.306287070058369
7,7,5.008435608312212,95.63337688082594,-3.2656489270715463,1024.3011879020883,7.800789257871858,20.0281251978084,-34.088920576783025,8.185211893349665
7,8,5.009528332305739,101.76337419607584,-3.440513837714582,977.6729459684802,7.901155204969347,20.04587723949379,-36.23433286169763,7.836460094410833
7,9,5.040251499642038,97.24271839906105,-3.8067217365358177,1061.5990142832309,9.348943468799881,20.059237222746713,-32.18348251848148,7.691820382980937
7,10,5.030423751909916,100.84349189138985,-3.6603218698693927,1044.4964771481816,7.088632196852586,20.06563446535979,-40.34383109255022,7.408768571488656
7,11,5.032988436027366,98.51669358411881,-3.475310946638797,981.4180513212837,6.2859560539817245,20.033362426984514,-45.156100784661994,8.584116781858777
7,12,4.9777788208400935,101.22715310043604,-3.175674904584083,992.0450349247722,6.363198348433908,20.031470092651617,-39.50183087801036,8.050481095788674
7,13,5.052040636633579,110.49290172583946,-3.6156187565883533,1037.5309689675216,5.421403962566315,20.050767517571927,-41.79543029944148,7.913107270824413
7,14,4.989700282672998,90.75523761431303,-3.1300638740467384,1007.7453894213694,6.972303426298423,20.038579235732865,-44.82762857833,7.763054704962711
7,15,5.053483059298668,95.59588307120488,-3.858004286039086,1028.6366792716315,4.99195216917706,20.042781054561356,-42.21397748116328,7.426119851544019
7,16,5.037822237256601,118.01823527815642,-3.5869910058006114,1098.243159118991,2.370836573577261,20.024495756261636,-37.83765152696461,7.529393590939531
7,17,5.00323812673636,80.4239759642742,-2.9830188904923487,958.4851844525559,4.152991291950062,20.009397028240688,-55.2537512948269,8.956868813457385
7,18,5.089397019477635,119.25854334040946,-3.9332695964172903,1042.1669994136478,6.598397371271002,20.042744947749714,-35.471887156512814,7.463346149183322
7,19,5.045908552366198,104.54992939971893,-3.145427282060762,1022.6924090321942,5.4138886589875685,20.04078102072757,-38.54817643812531,7.96471831640339
7,20,5.048988667647915,85.71606295873862,-3.502762038758378,1017.7459811555048,7.645381825102643,20.040055683460686,-45.509890474125605,7.840768523364305
7,21,5.037990173820577,82.8785989478433,-3.545196669652348,1016.25553537766,7.884919983660078,20.028849183971182,-42.13299575264344,8.187923073915577
7,22,4.972440897102669,86.5972570118291,-3.4778713145693847,967.2384335047878,7.022473364559413,20.02559383113545,-39.061082741121915,8.408969650136736
7,23,4.980093335489277,98.39874631842932,-3.447075346721792,989.4800867181107,5.723841342447771,20.035676365556963,-42.15622121780537,8.292058981472554
7,24,5.047117801882394,103.60498913708723,-3.3850809263399952,1041.879838243791,2.2866119989543074,20.021470388465683,-41.95390261142567,8.377761101902575
7,25,5.01184091506047,118.85838591403127,-3.773455624292902,1016.3540509724944,7.425925226892839,20.06279998448734,-45.432061650613576,8.155876707584916
7,26,4.980345567346542,93.55222883639952,-3.2375619703576475,985.1524893462611,6.6015243833199815,20.0339338986892,-40.5738208180918,8.389684829892788
7,27,4.987309529277652,87.91080658528088,-3.3167642346096873,984.9908381500113,6.982350544002714,20.029007581696092,-40.61305454782303,7.901156870719874
8,0,5.013700063889667,87.34005340579667,-3.096670693073198,1010.8218650827256,4.377921090289391,20.038995261389843,-48.85140084358616,8.024603146187374
8,1,4.994476597436187,88.58295858539329,-3.5522772803588682,990.5114492608973,8.475023175611936,20.037158927070458,-41.18204988656205,8.215640073415535
8,2,5.009174503035547,94.71416640466737,-3.6623993847508935,1020.5138117609681,8.730822026232685,20.049706086770268,-39.59719286419255,7.447075168047676
8,3,4.973645902207933,93.62654579323839,-3.0342654204394264,977.8777949902019,5.827971654152701,20.037509315345726,-37.20574122746491,8.696331929796056
8,4,4.959367778197214,80.31105470234635,-3.5486013955392175,955.013442527981,9.376573055807999,20.05540090147292,-46.38868698299891,8.429402329834812
8,5,5.018485010085974,90.34406391978055,-3.455305757006743,990.599117028824,8.194523236620087,20.047904337004482,-40.646092531483916,8.217185649323012
8,6,5.005177057472498,86.59873376583168,-3.572402594414057,976.6136430657326,8.28781148115526,20.054641556116728,-36.63006605948748,7.944532754905271
8,7,5.08482865317673,93.46861961615383,-3.611234091383771,1037.926695313812,7.8904647564952635,20.064133695556574,-40.37604933555313,7.585534057949465
8,8,5.065265296460004,98.41586375970161,-3.562135756873157,1055.1588311967166,8.243060402014507,20.04408288274108,-40.7520729628731,8.125300511836219
8,9,5.021278113910376,93.94123845605345,-3.626713079095886,999.0138149080476,10.363973284038963,20.051714311127302,-43.160942972998704,8.105836279908436
8,10,4.982487157840868,96.48144871150895,-3.6355584523880853,1016.3770837408807,7.398884730034672,20.049424758512274,-28.510471909172793,8.131425185143316
8,11,4.999675615447989,99.18389825045601,-3.385574209980113,1028.0596062809393,4.2612012023451635,20.029021603033733,-43.70770753072793,8.03178682453042
8,12,5.065454886390406,111.18425029329626,-3.605284476067472,1080.6611524244329,5.300849553423017,20.03703158477091,-41.12859685608716,7.105417034379652
8,13,5.059977533031226,102.73177737474593,-3.702687333778641,1016.03129502568,7.026445294422604,20.043648788811776,-35.22498383192237,7.142474725530565
8,14,5.038862182073468,99.27522068081676,-3.702240330975985,1031.1489052572472,5.993378376817584,20.057594010479615,-38.75084292571896,7.941891531037663
8,15,5.080578803229443,103.27646367168039,-3.37187973381986,1022.1067963755222,6.4961675392701625,20.05634949409295,-46.10549518923951,8.229168193455756
8,16,4.965597545332786,78.96505180741995,-3.5606259533013267,950.6630588519633,7.428799507639968,20.041651502503782,-43.2339120688956,8.277686829239602
8,17,4.97200164251925,93.63079656124607,-3.0617819450534216,962.4494403041057,4.855935870892168,20.02152477776786,-45.618814234749514,8.141750950501377
8,18,4.983922193055265,90.39057325557684,-2.9675567254393798,996.6432314595603,5.682614524709941,20.030205785238717,-41.6605075992863,8.12406303113295
8,19,5.058559654518908,105.93824872208886,-3.2893073720260175,1055.9506110994396,3.96710315821515,20.034258624986624,-44.40776903336165,8.241336071943262
8,20,5.0130184106115205,97.8501690202114,-3.45078672962868,1034.5990787130158,5.91246862442853,20.049051947041065,-44.39371055199095,8.21126505001078
8,21,5.029122038497307,98.62523171609907,-3.3590871481680384,979.3504137969901,6.01974532524238,20.034083125733293,-43.52209172625601,8.575680040084665
8,22,5.027283920590118,111.78589211392254,-3.4708763507048257,1001.6544347426449,5.982606746211895,20.07133301151903,-48.252630980113885,8.634202239727077
8,23,5.012522839481896,75.21942164998171,-3.0001079403922972,964.6889114448655,6.235990666533123,20.02287784545175,-53.13496892561621,8.319454812392113
8,24,4.965575011489289,75.0130878259268,-3.0504900980335194,965.9605532336625,4.327732035426246,20.014010013637563,-52.11524987499277,8.749686164572246
8,25,4.967104004544451,84.33928861683991,-3.1582793195946595,977.8054836090464,5.423446074675699,20.02436361539751,-42.75781410066706,8.681042357672142
8,26,5.056804462825782,112.26894919180052,-3.527523833915913,977.7951929940286,8.056833083454846,20.064339773145154,-49.16028112747768,8.091847725142953
8,27,5.01750198979311,87.25392447562751,-3.4178871745356507,1012.7046423298548,8.843798396405852,20.02787410982655,-49.782767888646575,8.544604269606054
9,0,5.042764224931705,93.76753121479817,-3.7994992396291907,1038.642223962307,7.841868249981864,20.049308027923733,-38.19466046635365,7.812915495206704
9,1,5.02147767591874,87.88411623915104,-3.6698864616146487,1006.6269737256276,7.803255543137046,20.055451817988047,-33.18395139653979,7.583642060065721
9,2,5.0499676905159046,94.53925310791965,-3.8482338123464355,1033.6611556898147,9.52196825956405,20.05190289330365,-34.061156375351956,7.056522693995377
9,3,5.01467887283988,95.25686333975344,-3.4626164974663856,992.5628319859461,6.5720253728707085,20.01858474624823,-33.97472447584386,7.848000767441602
9,4,5.018939230964557,98.73942565386984,-3.574490737876869,1068.5160065187713,6.214207366367465,20.035825380242457,-39.50125801933315,7.906422110268849
9,5,4.907440392480206,69.65712864460374,-2.4495370345695973,891.0172157295109,-0.4481908169298777,19.97467043876275,-56.80305290311007,8.697015912460685
9,6,4.853239043035365,52.337849703024304,-2.076668642477589,900.8110095670087,0.23009440562198008,19.944582476508007,-49.96880816091578,8.931924306944563
9,7,4.788358744374999,51.12440167274981,-1.5982720193222002,880.5305679082362,-1.6877097370291934,19.925319908297322,-54.08252517064275,8.50627342317827
9,8,4.8675645660482125,60.81541458974025,-1.8217292726359164,906.4326382098988,-2.9790777559091564,19.939906900025882,-54.22521907634871,9.229054856863332
9,9,4.988705182603544,97.58829485556838,-3.1751487060733923,994.660111893269,4.432268342937627,20.03823830882946,-43.462833036868396,8.420913614840229
9,10,4.897584378802208,76.29709131622147,-2.3043890866536048,905.1116566933531,0.5337783561941968,19.961557964116157,-51.01720322007059,9.608596203191407
9,11,4.839275651394882,55.21984331280439,-1.9552757625461927,869.1981413730791,-1.5638276990379878,19.924621310078084,-60.14665458671156,9.11778460996778
9,12,4.87026525372674,69.18481417389398,-2.117836144127662,897.9604162820858,-2.608238299828534,19.946822208819412,-52.972639971068396,8.39519325062737
9,13,4.881181378335653,84.13610588760612,-2.320489683250779,973.8802216981686,-0.7194628917014045,19.9515757590713,-38.40345663996078,7.68160790346528
9,14,4.892396636961657,88.77595466157074,-2.2627338104300443,966.7346263470016,-3.2699605495113326,19.95857924405084,-48.727116310912564,8.098410569578062
9,15,4.882904087559064,67.66447677140317,-2.4884726468592686,957.7472768892384,-1.5307440429551884,19.957023182218357,-48.192866966473844,8.690970610718233
9,16,4.8673662308676,76.09369062095573,-2.42321919649481,938.6209494576509,-0.7385199698379379,19.943410002677435,-51.94794014047997,8.641639406335138
9,17,4.927616920816898,66.54660116362082,-2.298345631464911,962.8244034326688,0.9025965272670158,19.977349145616625,-54.948679657903,8.667198963549758
9,18,4.870602462465923,75.60399338304899,-2.028949442866061,908.8944442320915,-2.591627236940825,19.94652945027878,-53.68822862022858,8.845327328457625
9,19,5.0223646065248015,100.93648272227159,-3.4422372414691433,1019.184951232017,3.1244023782000006,20.0154993653373,-36.22011931309015,7.104650508132958
9,20,5.004824360565254,95.58040078425135,-3.4816552452353537,970.886053851757,7.440924113181171,20.039427898962906,-40.211234313886685,7.934780534480758
9,21,5.0338107461167985,93.35927983727947,-3.2135034522066874,971.8686497421363,6.185829280818962,20.038885719243567,-42.190297246504855,8.302774953869545
9,22,4.9863270901575865,93.50890391852779,-2.8403005368401373,959.2675658273746,7.2457583440442335,20.0288979060942,-43.42281511273049,8.595340337744279
9,23,4.998674655726886,97.5347788742219,-2.9786363930591953,982.6474914083486,5.9224598804439275,20.026966093147102,-40.373655916722385,8.335186158237672
9,24,5.0415401299034865,100.28812879953763,-3.4031682401408037,985.284647378194,6.282789879807173,20.03992500921091,-46.04669995690081,7.829510318462286
9,25,5.019547705453059,88.35504736620379,-3.156927572099455,973.023227554498,5.151749094839899,20.029575983635667,-47.035082982862534,8.565837858987962
9,26,5.01379950211059,92.41850440847469,-3.2143908440076157,1015.3293569668003,6.886504868079503,20.036523338569488,-44.0385181358656,8.788361470843723
9,27,5.02731356252425,92.77654397805033,-3.2748872862365634,976.2770482816305,7.698517299211018,20.03691069315782,-52.37884956403503,8.729146009276782
10,0,5.023532629925979,93.59553635840211,-3.444208672693103,986.2865067340034,6.8830752495137935,20.035525327807875,-45.00787266185255,7.9382758504877895
10,1,4.994581908950503,105.2014443799781,-3.34129136008586,1024.9584312210002,4.434654178931439,20.02781356738735,-44.62227411321843,7.780417999176916
10,2,5.03004894429115,96.81503144460773,-3.5290974434863696,969.7117960284945,5.513024307680707,20.042615032337906,-50.930309904542185,8.432170705561965
10,3,5.052839882767569,115.23337486941719,-3.8968136034808825,1045.698711358027,6.7847671711435735,20.049415402894855,-32.15485176128496,7.0840776392504194
10,4,4.843677720158694,53.4147973679067,-1.9828836389276172,876.110631931958,1.872081731778795,19.952448619620878,-45.80599838915333,8.236537458373537
10,5,4.8724887041648675,77.147749068109,-2.1466795672617853,913.9105719274588,-0.9620705605016038,19.959097924023585,-53.898573410832554,8.682079784578239
10,6,4.772097488084948,42.121908153802536,-1.7883907326088244,867.0704099738849,0.013026765460476646,19.914890011723386,-46.64463980012268,7.909424990611884
10,7,4.856818372960707,50.01872199054663,-1.8724019478928489,854.4874790466114,-0.20761174471277186,19.947685868414094,-53.91217200039163,9.268067405940615
10,8,4.854420818214754,68.35475925390392,-2.192309881610269,922.5462506060009,0.950460474215773,19.968427654392556,-49.66749839741508,8.523464106739667
10,9,4.894865075529953,68.29188412431932,-2.269858640728199,930.6745987310214,0.33079573069065604,19.970347323746083,-40.13445239747896,8.36902974340958
10,10,4.953007018475365,81.89644204631432,-2.829390539248007,929.414715682628,0.0010828944412420022,19.97182848369435,-47.81127254614167,8.818688914618683
10,11,4.8821991216862735,80.84193849014588,-2.346007923500591,924.7641927426125,-2.3109986318172098,19.952613431196415,-49.96680391655825,8.756844312745613
10,12,4.865103080773835,67.01395205462904,-2.2254303102111024,913.7695538353975,2.788768528432164,19.971358704500464,-50.38856733207791,9.170780597665091
10,13,4.875165430669842,77.96885611088041,-2.176697685944591,916.5488726489702,-0.17386683837926067,19.95345988061415,-49.92896438052147,8.833184126411046
10,14,4.861086291182312,77.98004338741896,-2.0545490834514006,934.8146246390716,-1.361818362077186,19.951795661933968,-56.57548368178965,7.817562259208847
10,15,4.7889165042141375,43.04484942135236,-2.0269294108051565,923.6035377525664,-1.7724392237328839,19.92976806444956,-48.10566344628173,8.210614716496938
10,16,4.832778204774117,58.50701035751539,-2.0183762744805067,889.0037757186483,-0.3321370439866407,19.94989887412018,-54.73357733013294,9.49207207537015
10,17,4.87374955728733,74.58183211049247,-2.176922712537505,936.638362190823,0.48207978282622005,19.96775298953955,-41.825821892618706,8.416639994329046
10,18,4.8955957108506025,72.62469918332845,-2.4697786856862836,937.5149721330187,0.7249755818741018,19.967956631348816,-50.161557384246834,8.326283338695967
10,19,4.907860337253521,53.014076733763375,-1.955515818444066,905.010725983272,0.992020492733376,19.962412373499706,-57.705004749878995,9.012059775272732
10,20,5.026423057848393,101.36808882918635,-3.40333323535226,992.138025889527,6.170266615939823,20.042879065535647,-41.86724721216939,7.787146981389021
10,21,5.0409035686094485,92.07196125957196,-3.795559066750501,983.4364060658768,6.340256950888704,20.050544866824772,-38.66596555891684,7.780024081826603
10,22,4.934428597637909,89.29444878151912,-3.411795136209718,1005.3920136360633,7.3925738666839225,20.032906322193373,-43.722490955580376,8.39487064488068
10,23,5.035113020474324,89.39771383047126,-3.5219650705267886,1028.0083227576642,9.669108018368876,20.059543674314025,-43.0679668553837,8.260271616527048
10,24,4.961512704433165,78.45566504852773,-2.8407225715251068,953.0576925958969,6.333530578785372,20.017664460812345,-39.93851568445178,7.902293452311253
10,25,4.987740739370161,98.61478296752111,-3.3721091582990175,1023.2822725253574,7.200711355400415,20.04691558289164,-43.608997182750215,8.136218557778099
10,26,5.008442962456708,102.16195827743218,-3.1468494201518062,1014.9513722027335,4.01183189483829,20.03164141594613,-52.81554164390164,8.048910434120467
10,27,4.97539583399198,93.98900110400923,-3.7181585802623918,946.9867540704099,7.593477645189215,20.046075288214443,-44.02899000355005,8.056792808872318
11,0,5.008244232407182,107.76821636287985,-3.5787152695505924,1037.841374070001,4.904448341031507,20.03476555330342,-42.12123499204256,7.184460046997176
11,1,5.006357774268358,99.16116119504589,-3.2856256992557102,1022.208067370757,5.515687657241893,20.03939497256303,-40.63241631837531,7.6097818572974845
11,2,4.991176442414033,92.08666865616752,-3.6101210147626706,1017.4256416900895,6.05109243064811,20.02659558862668,-33.72614252453074,7.731304404356026
11,3,4.888868947192567,53.34094565745825,-2.0806252906080163,894.6326901991229,-1.0684895927181224,19.948834103259948,-61.151655128376504,8.892989219617684
11,4,4.8909019289777875,72.73454182609322,-2.6589484757946527,944.6712775201333,-0.5354192032673079,19.96673156608969,-43.55212870980044,7.622852984852147
11,5,4.886640698087868,63.47878971578966,-2.134271089797969,915.3350000171343,0.13036212322524615,19.955987429700592,-51.8573187339984,9.308243176852784
11,6,4.926141097599982,69.55820620123308,-2.4385454348653317,894.2232877793499,0.9964928696857457,19.957562727907607,-57.83059471905984,8.260271545832884
11,7,4.8928580636086245,75.02812986824073,-2.401809444840848,947.8373215728873,-0.2424509241662906,19.970411533407635,-52.062841226836234,8.012249880427191
11,8,4.815606497217808,59.33387603399354,-2.0684970670458744,920.4426893353261,-3.8984260156855535,19.929447427985934,-50.95456876050169,8.739702699594645
11,9,4.87199048971466,69.27915849298554,-2.082961126116653,945.4403385863149,0.04160393511567827,19.953597112968566,-51.027166851233545,8.631007733270764
11,10,4.862187856353871,69.04734238849824,-2.2092841842134336,916.5767766906963,-2.761991496503164,19.945753025341194,-51.82198226162732,8.805196951374564
11,11,4.878097555245478,77.79078420451553,-2.4354563394385433,976.7350660715222,-1.4059644085507386,19.97478297742304,-46.64063944331881,7.993665199345676
11,12,4.849755683257656,72.75247677794968,-1.965691945406109,912.3992986018914,-0.6547045511575579,19.953080630896174,-52.331441789427416,8.729531473049162
11,13,4.846961367264373,66.29142725218668,-2.3327646812406866,916.8608555035376,-1.6960938548646416,19.943665723927182,-49.60908976733391,8.66731671776528
11,14,4.8381828964363836,69.7407260762833,-2.4174921120926327,919.4068503592055,-1.1540499082210063,19.957402632449238,-45.3007997935855,8.066809398570076
11,15,4.953188871970817,86.36936777030404,-2.685671919009078,946.3557495094628,0.8188338177166563,19.984946660521484,-47.959138562880526,8.609938522898737
11,16,4.88109383673212,72.25608088656644,-2.6587157636118026,991.8321310562028,-1.3341901527489788,19.954847626371073,-44.991236892558554,7.265073541024483
11,17,4.890669337481256,66.51057804385496,-2.66742901070848,925.9302800259719,-0.5924762377277267,19.963000108376168,-47.448390574027144,8.102611570569916
11,18,4.842677062268606,48.53416974102078,-1.9764860325713658,823.8145903554607,-0.8090392407681856,19.926425418478868,-63.13038901441026,9.540117944472636
11,19,4.858716531711038,59.40927767203409,-1.7579141282812167,859.4317611079478,1.464093136456521,19.9356841115705,-52.704636236054476,8.487064457285836
11,20,4.816346440200629,68.45858621824297,-2.025739496249898,852.0336156605277,1.2736133524695425,19.934185713719813,-55.010181622991304,8.73453241762029
11,21,4.889946061725172,51.87742574721593,-2.084756512301201,910.5402319560798,0.8581938839052847,19.965159122533315,-50.11699881620832,8.589680987901222
11,22,5.009568306563892,97.53455378040628,-3.133523777413813,998.0546554034323,7.0550123230757436,20.04520722291185,-46.97430691472158,8.236806784836432
11,23,5.006351546386454,91.27717669742323,-3.1855368677886524,991.7706517199475,6.021557576942337,20.054469314602162,-42.16527173042477,8.176619567742994
11,24,5.047112046813432,109.99633858829762,-3.899872465373788,1049.8027203395304,4.66960794729522,20.057940448294584,-46.27165363587635,7.230689382598486
11,25,5.031856347992891,85.43408164214361,-2.946709738346142,917.5115303058885,4.302515631830532,20.025775439176705,-52.69731968907151,9.437773474352673
11,26,4.981949478337607,91.41155587909913,-3.201544262920075,946.6350473481202,6.196866793046119,20.018716787413187,-39.062083754298776,8.47731456226443
11,27,4.996920686704702,82.95912023368959,-3.31721422265722,997.5811936078427,7.8599263224342835,20.032906947786184,-37.21229409624971,7.549473802051328
12,0,5.001828416017673,87.08719666417286,-3.86335006467099,1017.9852650607094,11.168075834878762,20.053043323725316,-39.209006248622245,7.545903343681059
12,1,4.979632788459941,104.06234851009853,-3.34395897047841,1009.648536365669,6.3184368628552185,20.048182288769517,-46.92762126348733,7.903772064074543
12,2,4.831800913236331,58.15797744102049,-1.7852877059538736,911.7257383919773,1.7691468625084892,19.963314242020193,-47.875403782003865,9.542972433717487
12,3,4.8374868858339415,68.69987728859942,-2.3878024549078622,917.3082632963852,1.757383293699574,19.967330401558165,-52.69753323977197,9.13790937490008
12,4,4.885713045535584,67.66151193688752,-2.5857389404808226,966.0942901499556,-0.5590092404418959,19.966191068937825,-49.455004191092556,8.276429073564067
12,5,4.887064743830912,62.57625911327674,-2.4147810794924114,958.5879438732856,-0.23565835255773754,19.97042111803079,-49.853331717541764,8.039240781651042
12,6,4.915830189955157,67.54391730546459,-2.3659020069583145,937.2445149788933,-1.4069765178082205,19.95769108190903,-51.3418946511942,8.002117530074718
12,7,4.876811944502122,61.924232224794466,-2.2885836405952924,920.2287037549476,-0.8989129682158684,19.946075467525127,-50.4521852257529,9.126010379761805
12,8,4.878936086633212,59.86042471130733,-2.185583745520816,919.6642808461125,-0.7550543401011557,19.948705994855022,-44.65190204022128,8.930028450147626
12,9,4.8177756946869446,52.712110113461755,-2.072911557401101,890.1423703084297,-1.0802417185517883,19.943695516259027,-53.33369538973494,9.351937896553236
12,10,4.9201260231587565,62.15576638439992,-2.2799801614271806,949.6708800217581,-1.4517476621556007,19.947018847144232,-53.70752855513187,8.020711280919787
12,11,4.818880591360434,71.62424049290463,-2.084525082646601,897.4313371451295,-1.8812842326006327,19.929273397082035,-48.16857453613336,8.822817095141126
12,12,4.843979462168628,76.14750962914923,-2.2144278523445284,910.5119148135466,-0.9733713215705977,19.940715596604257,-47.28621545869456,8.910020589413621
12,13,4.888586588093863,79.6456221223937,-2.351729441682531,971.0291386698573,-1.488840144551618,19.953521592681632,-48.83381953440101,8.551815770904383
12,14,4.863669058817593,70.61072945234392,-2.5124435298516907,939.7177333907745,-2.6537863255826903,19.960739453694316,-53.514825439808746,8.10614906667225
12,15,4.905828343566012,72.43520835524976,-2.2353832508534963,971.3347686729069,-1.4987129992142816,19.940067691621927,-42.7062937046002,7.72922664399612
12,16,4.850552027370107,63.57853363838799,-2.0477787165719255,915.8094772542676,-0.9286102204456772,19.950393449295685,-45.70209046540444,8.063981352577008
12,17,4.894215016155367,82.26295371743616,-2.412268602337274,962.637407175365,-4.204209169739633,19.949431032703195,-52.170255251582034,8.230204577855984
12,18,4.87103917777346,67.43466524971709,-2.2971861309272907,978.4707889345339,-1.337337475373112,19.939455011955324,-49.90952507387444,8.26995048408718
12,19,4.866570534868626,66.90941813415608,-2.2547997843551517,923.9190067094405,1.8374151681979107,19.949315634952185,-50.720346848517515,8.455375724294122
12,20,4.9599268182354885,77.8602913394709,-2.4419498788784213,950.4101369528171,-2.9117697975725667,19.972668360116288,-53.03783559425512,8.080549865648859
12,21,4.932461651634861,62.15693804510696,-2.9054010078002204,925.2174009047709,0.739444250726661,19.981628814194437,-48.49061798406262,8.52250925194492
12,22,4.88686308943561,79.67200563363934,-2.0534706385897996,913.922136220901,-2.746387850483461,19.95818759689436,-54.939207451890525,9.06848402981814
12,23,5.045277994877308,86.90503574517373,-3.280135235897049,945.0161470805645,8.65197004393916,20.044270898841834,-43.77127433646233,8.98202233671997
12,24,5.034956961651093,100.36964769868135,-3.4618041641997466,1014.0271371162364,7.0870011779681,20.05441239192658,-38.33288182470141,7.770871789881766
12,25,4.997510244573053,101.98994789753881,-3.611450481964415,1029.289926609832,6.802342792458786,20.065467390901617,-40.3633563560132,7.832120090196694
12,26,5.054063154986888,114.3017709265779,-3.4691822501632408,985.6777332951689,2.666037553473367,20.03600219608534,-52.838989335151304,8.10830933774596
12,27,5.014753266770049,103.08805721525658,-3.535550610378691,1002.6116925912974,8.186659877306617,20.048541506699035,-34.59412348370783,7.912336196986559
13,0,5.0115836949080785,98.65994078200397,-3.450948825724839,1045.2517035319145,8.727057132755995,20.03321200582271,-36.7631911385979,7.721227037697477
13,1,5.038349180797599,94.50183107423662,-3.607076917943599,941.354511618629,7.215616167922202,20.04209598872804,-44.659190764805196,7.844541929734579
13,2,4.884760581978687,62.25001138164999,-2.4893110159359617,873.888691354748,-0.09487479365114891,19.952261110431113,-55.377712919532264,8.407531850420566
13,3,4.849254360660392,69.16523771173868,-2.5744569056344204,943.0823265752464,1.1224424016984937,19.961605417686453,-48.5240627967681,8.92862266911652
13,4,4.850752478127971,67.62929218786574,-2.02516603902295,911.2166724195843,-0.6438051157781385,19.937314285583614,-49.41216664819805,8.778569089756195
13,5,5.011051167276246,112.5184426269591,-2.3500236674530903,946.9160504798624,-6.814538813645943,19.995043967264074,-78.22214127265781,10.099465121164043
13,6,4.985798806557136,98.44600307297507,-2.318207268891165,946.4021275344263,-4.17039916552588,19.977854084376535,-67.73643246244035,9.898945635120176
13,7,5.006490700743289,76.11207521490137,-2.281034401819185,920.102237675462,-0.08151156749529731,19.994741909251204,-78.6217176512935,10.784498185386758
13,8,4.988683481482349,102.37255700639037,-1.8674026247809217,919.8664624933858,-7.161208197044732,19.97129754019702,-80.9607322779222,9.903250584050873
13,9,4.8491663661695075,55.0979539096131,-2.0905789661291214,916.0078058323631,2.755033370817843,19.963634792383544,-43.90107236873331,8.517846322694117
13,10,4.895985364600976,68.71117711838403,-2.3363861901582696,934.7743416817508,-2.319567925783233,19.96775683530459,-56.32346298414001,9.034116672342005
13,11,4.924999899890999,74.74417861666353,-2.653675604241661,908.3802366976053,2.918006169874637,19.982778265389012,-49.060528478153955,9.001333093487847
13,12,4.9049909111651555,70.11420967113094,-2.5490546125834257,930.5895710028608,2.1258740857012994,19.96545479765205,-44.11885667032702,7.689276036324969
13,13,4.903980553943815,67.51837687293482,-2.250670294117439,938.3825905890737,-1.0583671281756306,19.963065530999852,-52.28471382986955,8.032483942979006
13,14,4.874322803760482,63.40708900851697,-2.002811257893846,884.6921573394366,0.19093326116393067,19.947321801604016,-46.11397538655645,7.9512318411662735
13,15,4.795997624785511,66.4442999232165,-2.104952316555466,925.7765317932015,-4.161506094939926,19.945734537148066,-50.15090777033018,8.499258479172916
13,16,4.84627983665617,63.44324572656871,-2.323263599718981,929.2717850003589,-1.9055029575721136,19.950314500433617,-50.86860871957328,8.581544855331824
13,17,4.81337055299451,54.4644748463229,-1.8271623855312016,891.9514394788085,-0.619009400488916,19.93837549325842,-46.304851521972736,8.621086217419823
13,18,4.844064722247814,66.64103007503142,-1.917852954687201,894.580162603306,-3.3383489936773003,19.94010416226615,-56.35456011583215,8.987846552076599
13,19,4.912071747164867,73.59987797969663,-2.5501922132840384,979.7653545261168,0.11519094764682418,19.968607666886722,-49.95445503434448,8.23548681434292
13,20,4.890254467317698,73.53166276026059,-2.526728073815146,915.6402037377172,-1.8591339197638148,19.96833202935617,-51.869483216426836,8.531530541187474
13,21,4.927402506773113,63.2781578862219,-2.7202208503646275,942.0955550822956,2.3360531135894944,19.992548155230924,-44.50875912984579,8.39000273913383
13,22,4.831653109578878,52.44743129798974,-1.7974390123372748,898.4568466848068,0.3945327618765614,19.947567364105424,-51.98868742992537,8.740953607622773
13,23,5.026605479774382,98.13135689572374,-3.1337837687017513,1046.5747730081544,4.7587435813321814,20.031467617847255,-47.75584393566865,8.315545036765803
13,24,5.081093093143206,120.42041236872025,-3.887338080651998,1036.424394107043,4.886391339380351,20.07464440345465,-48.846174815696656,6.933253755172819
13,25,5.000279701309681,101.55295257416033,-3.234814570458383,989.4659569586069,6.313188782960059,20.039768046191615,-38.04666907469789,8.105171415748325
13,26,5.0383025906540055,100.59100366176797,-3.6237087160134385,1053.0237913953117,5.416225387696076,20.033898954707546,-36.479186546974134,7.6290994564926855
13,27,5.025254073643174,95.02833641814723,-3.6435633547541917,978.7433513599498,8.062657843423471,20.040677821391828,-44.03407569561836,8.319062567964679
14,0,5.0353362112268165,96.74664187629372,-3.7162482534293804,1005.404117970035,6.260467312550799,20.050172675772263,-40.896358409996054,8.054225721392573
14,1,5.026730608688747,91.9442075009382,-3.2759086129304835,983.8609121546906,5.290326365225734,20.04913505634895,-43.454951612728365,8.291742140033444
14,2,4.878468986225285,67.32271888669803,-2.0979133615378323,954.8409428192489,-0.7136433514542693,19.95235305731696,-48.847369742491026,8.400767543647643
14,3,4.90727099990368,73.75774870139819,-2.4123512685179254,925.864857461919,0.6465188784335425,19.977964335228716,-47.81290069891694,8.354991046636417
14,4,4.816460851513192,48.661756199425334,-1.9185235943806274,913.2768502564611,-1.647810049657708,19.9287802671616,-51.57280293561063,8.93775031428368
14,5,4.990360765164405,79.9606591497089,-2.4281057373094406,899.1912058161884,0.015822522003745343,19.990359557663854,-74.6025156589687,10.882359122339986
14,6,4.989393143597027,74.9366075972726,-2.034379401845532,858.0563750240086,-0.31975161806087116,19.992660818538248,-83.42097772878626,10.600460343269182
14,7,4.953586710359466,87.00380939514613,-2.0608363054097456,886.3072835472716,-3.097750721915061,19.985576556090866,-80.568671193789,10.54111743734713
14,8,4.9977223439692064,86.47024083517815,-2.0692935630337326,883.657941164755,-4.71442694843412,19.97252961938812,-79.33353120420873,10.06161280012794
14,9,5.020964316758184,96.60515534111646,-2.6581295425452875,932.3440159986711,-2.344049508997972,19.97433385679384,-68.86048617498504,9.439048288978082
14,10,4.850536770267514,70.18680562520876,-2.4946638949270863,925.0175541925983,0.7846513500003273,19.981054487786036,-49.984023219758406,8.655064999458668
14,11,4.8392680320618275,70.96681090333036,-1.845225229119153,875.3025050795926,-2.0864730110036294,19.931260206167302,-51.61555007403896,8.800709560043199
14,12,4.779750025168317,55.850509731096956,-1.687734873978335,913.5898344226259,0.9320719161830343,19.935033084737697,-49.31883134764982,8.856669864017732
14,13,4.8877349909245575,75.54593729295365,-2.3490772981750703,944.4514589473981,-2.1118081059099043,19.96793513890299,-46.29381459883221,8.271615553778306
14,14,4.843009702153195,63.55740893153375,-2.070011617172013,892.2972121111654,0.1739784350652365,19.95094678686774,-46.87362316192822,8.816765227739216
14,15,4.877075297275184,71.33971836970191,-2.208907718332455,938.7574250181779,2.431356598638283,19.96288625110719,-47.518433228170586,8.904659041034986
14,16,4.933233695515432,70.24364741180662,-2.4604443865949213,953.4833947488971,-2.09309915767913,19.974998195204375,-46.08749881242767,8.199519615810672
14,17,4.88900650329079,62.061342080709395,-2.4089414293084137,887.4608958594791,0.3322748724970029,19.9634777792144,-56.4051252171851,8.458065082265957
14,18,4.856276776298788,61.64805518004643,-2.230787126692842,879.8638048218621,0.3258049355003477,19.964987965107003,-48.08265075281892,8.487570309027635
14,19,5.000667161279242,107.4465523818576,-2.391339674824951,951.3320684166757,-2.817613856471361,19.983089670273664,-77.6714420052748,10.063655364894633
14,20,4.88573212230303,63.669282251465944,-2.221132033453304,900.7911396744756,1.5008288739956148,19.952112657550952,-51.14643181454599,8.947958394281066
14,21,4.90708849224065,69.59070455389006,-2.2482394639136745,911.056658100763,-2.9316764593776674,19.95077966661057,-59.215179305763314,8.768397683890635
14,22,4.847723622956909,62.406487247360886,-2.209652554139741,903.0503405382816,-0.41228166635843816,19.940184872642746,-49.13130375030302,8.826064544832452
14,23,4.863981914403349,43.85552614477872,-2.0516438813901683,872.8475706233472,1.3564488453306622,19.947989161598574,-52.36407266272352,9.171218268645701
14,24,5.07595495218532,108.5564295293074,-3.7167837119803675,1037.1499005202222,7.188127153330992,20.069148546450773,-41.964917535792694,7.598655483808145
14,25,4.994286310996309,94.32209088071984,-3.248468558685823,992.5003850233152,3.5162567950413868,20.015198068226162,-40.94729424845076,8.420163351828224
14,26,5.016017565628914,106.71853048051594,-3.071393509786555,1050.6879383520425,4.858209182225215,20.035046095696714,-47.120840020771084,8.479294869971048
14,27,5.0156106393832625,88.37874417116751,-3.70545244622456,1057.029629046092,5.790418723176752,20.058393689103834,-42.45649956193781,7.6614587435934824
15,0,5.019228265223116,92.95957653506018,-3.1980578975230602,981.7089528129085,4.278626735032212,20.044018692191436,-45.711564238576514,8.327881898499237
15,1,4.886654095138634,63.42781188607049,-2.1785956003836056,901.6035881420657,-2.105043725143585,19.940360260363533,-59.670876904134325,9.412208338643074
15,2,4.898167853487666,69.29092863681385,-2.1112891036585952,905.3172008415297,-0.42570292769775353,19.955587206989847,-49.262422382748966,8.741128148228361
15,3,4.861429552983162,57.139828854946195,-2.031650961337653,950.6503189804433,-2.3165178303069554,19.94142562553075,-49.36049157358273,8.1024391150705
15,4,4.969523381735933,104.29111153040289,-2.2209256128477435,923.8171228061349,-5.3162424103455335,19.966410962766098,-72.83880964549516,9.54524703930361
15,5,4.998281432489473,91.5455940104339,-2.240030343438554,918.6202960198967,-3.6595327372380058,19.976109038104816,-89.47563315370085,10.169338829842243
15,6,4.939842509377131,79.62608407036697,-2.0789556067571002,869.321087892958,-2.9028449248321975,19.962861606356824,-79.77654511345577,10.553746848686341
15,7,5.019628250192293,97.35863994100981,-2.237501339206349,893.3714956601648,-5.348291748546725,19.967038789060183,-83.12686142187843,10.69318795605356
15,8,4.9819926613530345,103.42936105646696,-2.110004369095951,894.4324430732156,-1.68301356150719,19.995499691660854,-79.1885506206545,10.193771073080454
15,9,4.975271494262613,91.2010188563703,-2.1377428364826123,886.5831992734753,-2.361995284070377,19.974653169593235,-75.38825006650458,10.48641796507823
15,10,4.942393560437025,78.52407355860399,-1.8961334502354452,873.11666807706,-0.8045738553647261,19.965860413980714,-78.94071337503604,10.794734323153687
15,11,4.884806536254428,70.52709272326508,-2.2692320239626147,975.581283245669,2.3531460003904137,19.967023652424043,-41.01307632107563,8.28837301827414
15,12,4.859678139113975,49.21979681547375,-2.07223237852824,871.9268001774772,3.2445782078422116,19.952426374677042,-51.725706052322735,8.97771261076845
15,13,4.8731353411293235,69.82553154691871,-2.474375222050532,962.1794594142514,2.7080458448907123,19.972193808305036,-39.850918965227045,7.942058439983304
15,14,4.88759476496989,79.1916809678172,-2.2087026834748866,977.5378056505243,-1.657964727867637,19.960159431348096,-50.64214551957101,7.9434828317939745
15,15,4.858817358458966,63.65102191417044,-2.1404763942942573,905.7446072714029,-2.7407663806499514,19.938341141496473,-47.757146958653905,8.572381702593967
15,16,4.895928929013789,70.40850982034638,-2.128149806643595,917.1147544869167,-2.9551023333916224,19.936652046993927,-57.0972354516776,8.979300098378946
15,17,4.9962061657628904,108.55247336139138,-2.0286406990779775,927.829611062556,-5.215572435415091,19.97703932279476,-78.12338787167604,9.866309465954362
15,18,5.003664164564405,94.70740904281594,-2.2043867760735596,967.1072071051744,-3.881119376004515,19.988586297637568,-76.74234861477339,9.09234469245085
15,19,4.98072262689644,103.95885596897998,-2.3906998831275916,917.8149328772338,-3.9109882860354217,19.974152637018406,-79.20633566183709,10.05797115425397
15,20,4.968884002548652,108.07569071170511,-2.488685754228353,956.5715403760555,-5.055509854335974,19.9861314967308,-65.40735554991514,8.832025174373486
15,21,4.9322270796849645,78.90148990897839,-2.178178971777883,951.6530436667758,-1.8867258962517246,19.947724895889877,-48.86246034849455,8.084973026817943
15,22,4.805686047487892,54.60075240996517,-1.6991829679665462,869.9680381095841,0.025129398235425746,19.928933412568007,-45.85757626614515,8.843351274154468
15,23,4.882753116422056,60.7925492952763,-2.0137703382236767,884.1352616370507,-1.1878828098265402,19.949580610559174,-53.51242904142724,9.048908058545695
15,24,4.8345715223278996,57.49826007461438,-2.12271076604728,880.946010696109,-1.3203086031710662,19.946419973342355,-45.36723644913321,8.971016960672225
15,25,4.9929555843458955,93.75100902469839,-3.0566781890297428,988.6143768770609,5.7953844156523955,20.032808618192124,-47.109861863591824,8.238231185123997
15,26,5.0087042145813,109.3423337204411,-3.0434382005109204,953.2270608011239,4.366766278470216,20.009892034630184,-45.63581634185836,8.568180697198702
15,27,4.986481195833111,75.00050031527333,-3.3223976755436535,961.7026250411278,7.6710322585109125,20.033660685387506,-42.23567019162798,7.890448415012644
16,0,4.999673263952251,100.28305090997706,-3.7903209969622327,1012.7343729517419,7.752299056876724,20.045929253110064,-41.76181830438329,7.1923803959780965
16,1,4.858194474429193,46.72165996215274,-1.9988842157069526,911.9092251352716,1.1143381876339116,19.94934824497424,-46.67341659532475,9.222767701147006
16,2,4.899157799190527,70.92279897445007,-1.9303079804956766,902.7696906354122,-3.6530200221066838,19.94226671296883,-58.904704709917574,9.057571994483991
16,3,4.838876303005085,51.26698092021543,-2.3815843908243304,934.97990874234,1.1116718896200835,19.957809189277732,-45.9877928523186,8.857695172576037
16,4,4.982631904315551,85.97502771626544,-2.5490324446585353,906.272170344724,-1.1783214576625987,19.98922016629121,-62.13255165931906,8.729350981521927
16,5,5.004657002820345,92.19372742818979,-2.0420560832507,911.4837117004943,-2.418190346803485,19.981364825894165,-75.40285843733005,9.594423450363612
16,6,4.979843809786224,84.7451202853818,-1.9986508550329498,892.9469514107708,-4.9209749671031275,19.97224355758951,-76.5771447937885,9.884184844003382
16,7,5.004432302845239,93.7039848885259,-2.6862577938754915,952.6359053580668,0.26164650182191734,20.009003943782773,-69.13229223240721,9.457575480763069
16,8,4.998069898171183,97.61913508256062,-2.223403447162687,929.0699093541982,-3.9206666523855307,19.97839356598282,-81.69614272512648,10.00381561430496
16,9,4.953897288419636,89.04162687250728,-1.938508352369791,917.7923958019068,-5.027885313063098,19.963598267212475,-81.97264752185654,10.029248552333803
16,10,5.049308517935682,96.37222073690386,-2.390664815670017,929.6757372721313,-0.27824554776414406,19.9988227313561,-79.50209153492432,10.03228191290769
16,11,4.891383568267093,78.59306346006451,-2.5005986541586482,916.4884796135996,-0.5318674680028147,19.9541480028312,-45.98936799263278,8.597924589116813
16,12,4.843367650584267,58.91956187756174,-2.0958996640800427,934.1720705354952,1.8059860713856375,19.94701674952189,-41.65267909112095,8.979218098354501
16,13,4.909355588794721,66.26663397682293,-2.4329569511204925,900.2115258516633,-0.3909770174712416,19.96211318894007,-53.159239949573625,8.468387905841594
16,14,4.846840026890321,58.481398428209026,-2.204041734960435,829.6492020755752,0.7410313328214104,19.95512154404614,-50.245511002923784,8.4389344870516
16,15,4.863152765134292,62.21265968648962,-2.050182499838091,934.1769603223868,-1.1894887123672857,19.959733975558002,-45.485982323655165,8.810394245736372
16,16,4.868485937436719,69.51192020309634,-2.2071055177558225,915.40898263235,-1.3584854464112728,19.945694639785657,-56.509728842644684,8.783520070653793
16,17,4.970179688642201,87.00298014718746,-2.3656777748644644,913.0550010548493,-2.3857106156883416,19.972658105519805,-81.97176002826882,9.952064408074481
16,18,5.001927767608683,102.26494314498663,-1.9339242478436391,911.6903841183782,-3.870896840095574,19.974869602941723,-78.94911312929801,10.586636340269584
16,19,5.029801325656269,98.41431684840484,-2.3577415988986674,941.1491103220078,-3.196898562653944,19.97442938767399,-74.91254990137955,9.808507851710296
16,20,4.9694621503560645,87.75483937366441,-2.0550463453088463,870.515680709201,-0.04567702644225771,19.983936941202327,-77.76207819898602,10.731795037921867
16,21,5.025963024466523,99.36743652674261,-2.338255097464414,929.5186962252483,-4.623019804082617,19.966655816525574,-80.50438124410044,9.847271622819365
16,22,4.881744483184511,68.39696523696583,-1.8793166362357228,932.6768198288185,-2.0706922231777423,19.951456435993908,-57.67528758178483,8.998973221507308
16,23,4.85377449808937,40.41668164767166,-1.8127584127649687,838.9973188658175,-0.7305040552769637,19.94194304518862,-45.46252576792376,9.294470140835617
16,24,4.92672604248876,86.38633532214143,-2.5795458283159647,924.6425667820342,-1.593780234113894,19.945656097270064,-46.83945987316142,8.466101141407062
16,25,5.01332909084875,99.33347779556854,-3.879901201551731,1064.167500294349,5.704227544834794,20.03058595005229,-36.27854341419147,7.363522576699796
16,26,5.007848327282827,92.28278126453324,-3.601991172117196,970.9978090962998,6.120007486793284,20.029892609977143,-38.64739816182835,7.5766534142921405
16,27,5.072803273605764,95.85357788948285,-3.3547086838340894,1034.8445798835096,4.254597307089161,20.049234236745367,-46.51774109860115,7.598381584609545
17,0,5.042422492292878,98.93852050562303,-3.80227640138635,1019.1881562940919,6.188986159168117,20.05416305603514,-41.841476640601,7.145214975361718
17,1,4.865069373810196,62.977253598870526,-2.038166515627731,909.899476863269,-0.6563219879456789,19.93041731637264,-51.32696174365459,8.38691952091062
17,2,4.92427252942866,81.77990925895114,-2.518752083704381,933.4334863159197,-0.6597899187774814,19.96922824306041,-53.02560943898268,8.107887359616937
17,3,4.893710472318831,67.98034270526651,-2.231833777000629,888.0067308273366,2.0106104829851272,19.963154760239863,-45.6646815702786,8.239482692712835
17,4,5.010766705104554,101.70968814840528,-2.6465753161930565,934.1137023027972,-1.3260247219089052,19.996492016385176,-74.6851742462537,9.87916136011984
17,5,4.994605171754203,103.20068233333997,-1.9444666797202959,933.201601222729,-1.9905964502297637,19.986232089343314,-75.01892667437778,10.167122009609571
17,6,4.96000563854285,94.7934736733996,-2.2798072069564115,900.2019488372082,-3.307266948909995,19.971939551296714,-74.37489404767965,10.323515390150222
17,7,5.039217606434702,84.25258596528937,-2.335222601250313,893.2434081656347,-1.441619734002222,20.001252202703473,-74.45679159066088,9.5433592203426
17,8,5.04534118573732,102.09946701884923,-2.1965236549996376,893.9845026198237,-5.214691255683924,19.98276137074942,-80.93894229469525,10.196097179394332
17,9,4.93807644046355,92.09134065986608,-2.0080267545463184,917.9185666288307,-5.042721815971428,19.955550822739372,-74.16707292672558,9.501822617960938
17,10,4.974799489845794,88.25430737804432,-2.0951511710563806,902.0043728799898,-4.238414533680216,19.966721778656236,-72.61852217649579,9.317187436900475
17,11,4.86746288524048,65.86746754637267,-2.2705920132446518,914.9840674052808,1.3262500320692383,19.951783968510465,-50.62547997566595,8.340627088991523
17,12,4.882855485784496,65.261675301525,-2.489061786489169,952.4744820314614,0.1383994504918368,19.96838160420513,-41.25683858992497,8.208205597928199
17,13,4.797458151013633,54.107091561559535,-1.6999069531682858,867.3116443249718,-1.9679031292266194,19.922898717330362,-53.47690710706992,8.983965015242445
17,14,4.8808701436379645,60.14821699991092,-2.1227895903075633,892.7648968870893,-0.05094086738661878,19.943550267680763,-44.972649724462464,8.531291680135304
17,15,4.9018892304365,75.3143188649653,-2.625032946142482,966.2577608793616,-2.725823486924352,19.960990312812807,-48.30217343215564,8.71038140268475
17,16,5.064034543410329,110.62461756442397,-2.332315059430165,949.3119121107358,-3.701971144261896,19.9836113058827,-72.5293538210798,9.715004075289919
17,17,5.039859582517357,99.57996652017187,-2.121141913720884,924.8382568746846,-3.858340228052776,19.985606347067698,-72.51519496215953,10.297847839110283
17,18,4.974283220292437,81.59438608178615,-1.8838751826020557,856.619944609162,-3.852118871629505,19.986653199273313,-74.50323853981476,10.198238163434638
17,19,5.00924885819117,84.59107047994888,-2.1773828387299305,881.9570727575893,-2.717454859424775,19.98201119074941,-89.31902349696045,10.473097261127348
17,20,5.023524229240839,101.10185893666974,-2.0969048874459446,896.3440930192471,-6.002240173494064,19.980962556608002,-83.78491852274657,10.152396192313965
17,21,5.069783079548965,116.73466167845487,-2.741935471408673,957.4245687808598,-6.562762569914845,20.010932246460534,-77.66811091324087,8.93906558961934
17,22,4.980372561088297,100.9032839483713,-2.241162764028437,940.9122598660496,-4.4022615503820814,19.971729659251523,-77.92443638488342,9.806587604419109
17,23,4.896539680287662,69.65908083164844,-2.4268184227790512,937.1208308755646,0.6517031710448302,19.956021920648922,-45.5471538132096,7.674059021730952
17,24,4.888185954788064,71.81598381121563,-2.271699246872556,889.2082319102851,2.09849913600317,19.960316900841693,-54.56841235811923,8.988423344171617
17,25,5.077920103385826,115.65399981388848,-3.7215899966187695,1031.8853137779033,5.689781864922457,20.041575186695425,-46.46796333423833,7.979323235050808
17,26,5.02271517938214,99.00615243232737,-4.034907161496906,978.4044149135864,8.987700485211967,20.053149920235775,-37.81201148972251,7.696042823454041
17,27,4.999530534561266,94.0699732688276,-3.0866171147364945,989.734036947925,7.759059870661933,20.04452029038342,-47.10994706964737,8.274659266508085
18,0,4.984070414852043,88.32598939600653,-3.282973389973369,986.3389099095887,4.983056315535768,20.032701299575134,-34.96459186086192,7.413495854997338
18,1,4.885164666260091,68.63146744766709,-2.222463104632183,936.262758653063,-2.8202454765476843,19.954823687035155,-47.68555197595677,8.806507297437244
18,2,4.868302687618656,60.38762968739043,-2.4849453615734873,853.9353563303762,2.390418610784332,19.967483618083453,-56.44085670622628,9.287835415628386
18,3,4.931677390275433,80.38719975884239,-2.387006051461526,937.5195010118015,-1.1312922647818746,19.96560951758583,-50.86254438627768,8.367355048476437
18,4,5.000242938706383,94.56322074466279,-2.2470461687946672,914.4108525469308,-6.146043786073204,19.97355181476742,-81.93924266008689,10.140076164348114
18,5,5.029711580684545,118.77986891827771,-2.3292446998717904,925.4166252204255,-4.130822914428002,19.990904944082242,-81.41443263329725,9.858760366503297
18,6,5.003433027649377,103.8142486339917,-2.124300972952672,940.406277193907,-6.725817816628021,19.981666267449427,-86.9780561054577,9.956451123420887
18,7,5.037317321689546,95.17454739590737,-2.3313185810989903,933.9776125446255,-3.0860292443518826,19.98206812048937,-73.53232101321768,10.118103491338179
18,8,5.031883170783877,102.9951686583555,-1.9704845948100533,897.1783519046872,-6.232649638478007,19.98494854220987,-89.58698212217689,10.616844700344688
18,9,4.982411740754977,92.99651640699352,-2.6744594268437787,907.8691485722619,-0.39155265966285424,19.984933656323346,-68.83397307189827,9.968930368813343
18,10,5.036571085529662,102.7509810193466,-2.1439549704398297,904.7299454966915,-3.639092568642586,19.981082721108802,-83.98092865836232,10.16360430703039
18,11,5.0059193130231385,100.52396534412382,-2.314518679950303,894.7245369366204,-6.821245316188657,19.971542457130187,-78.94178662363785,9.616285771099143
18,12,4.869647980095901,45.42827573132649,-2.1302447691958957,927.1116880773022,2.330897518596268,19.947269742302726,-46.52759094669576,9.197134153206655
18,13,4.8840507837287905,78.63773392632496,-2.297793190688933,932.5013720359015,-1.0347687229936442,19.95956859636035,-51.853660619930594,8.073909704043517
18,14,4.827176595168202,53.39644096553437,-2.301951610575331,945.6086060072781,-1.2826210454784563,19.945929850210113,-36.82718539193776,7.556613320523131
18,15,4.867680841378685,57.0140885755895,-2.1389980586773216,921.2983955479056,-1.2048836498055395,19.939463178143438,-45.67058240671279,7.915580134208943
18,16,4.9803341349416534,90.77085456019655,-2.257209778852046,884.435926744929,-3.4997156736241815,19.969348201058768,-80.17058672845738,9.570880400451259
18,17,5.005407364110893,92.32648679569263,-2.402096879366638,909.0774310973732,-4.331557904828679,19.98149512510299,-85.56408591260066,10.78131966472388
18,18,5.034415892161225,112.85279388271151,-2.7307509896557836,965.8494083786511,-3.2540015095128556,19.997035554646168,-73.92749992020975,8.818372195962514
18,19,4.998630856133815,95.80026087530024,-1.9946287594555914,912.6821030511126,-2.6495386629298197,19.97232950877427,-75.10169759701874,10.024877283853296
18,20,4.981525733553559,82.03113614974704,-1.7949535209145744,905.2391515655631,-4.458636169749324,19.96418092919615,-76.76548742930217,10.304101688048005
18,21,5.062763437538902,113.44374134141722,-2.3345150347828385,896.5435164770329,-4.988057579387057,19.977735925741552,-82.2936241738432,10.544789707693388
18,22,5.002022300377932,86.36862657968386,-2.0053144940090677,894.1103768370169,-2.6449874074483204,19.97434458976281,-79.07143919386225,10.427931014725933
18,23,4.833164223720667,72.51813688954098,-2.0066411356915186,908.4820106613865,-3.601587353857495,19.93709074975194,-55.923470959136964,8.895128727805867
18,24,4.824876745482761,53.961659923583056,-1.9780645662039142,913.5255847941644,-2.949543214299366,19.949666073723982,-51.89754495964414,8.77945115209706
18,25,4.8972027207124045,60.96838269031789,-1.9297399352225688,897.3690636174357,-1.5208876579589803,19.952672196699805,-55.53309379928358,8.89287798434574
18,26,5.015885247501093,111.92189744347448,-3.548568242437332,1028.954709549997,6.648391062965826,20.05336941826051,-39.73240441270621,7.88386648478096
18,27,5.017521457686606,113.51080713607276,-3.5043259936816455,1016.9957998840177,7.031561014478714,20.041057027146422,-41.148273728005805,7.884622082790574
19,0,5.001443966097071,87.95918104262627,-3.4595203934689804,1000.1937088963726,6.878059240259648,20.03934349766643,-41.48416305848527,8.044855942291493
19,1,4.878302016777095,67.63123998387894,-2.01201692786489,929.8997662698091,-0.23265577782481392,19.944666628319126,-47.344867023282035,8.23260603477934
19,2,4.836232973414691,54.58533310582538,-1.9919900816652734,873.0907585893378,-1.956727796259822,19.94290477842378,-51.90398182634286,9.373340457319301
19,3,4.943991021729433,84.14493897438307,-2.7774423032321947,920.9755149931598,-0.5210489237528017,19.979879766556113,-48.7879718994935,8.709206187288979
19,4,5.042511903249351,86.46613576055933,-2.4584347963419444,978.0531071174854,-3.3123112792203444,19.987584600274484,-81.0361803423962,10.134559854567172
19,5,5.038594031828132,95.37189875592927,-2.48194052282714,900.113640215049,-3.8957950952221863,19.994256045504542,-77.49610592451539,10.016538979393767
19,6,4.9537248429047676,94.48419789952831,-1.9578779674712448,896.5309460919289,-3.973068566967683,19.977309469926208,-76.53040921436818,9.812533153901095
19,7,5.033325911529532,99.12841283738688,-2.256928324436304,900.7939732230863,-3.444909432684242,20.000229893075907,-79.33649031035333,9.50011607191019
19,8,4.9620450649699706,100.29495903090968,-2.1805069065092697,909.881477375015,-3.082565828262652,19.988702272867364,-75.49909108550197,10.246046281134568
19,9,4.983570734350315,99.67633190506974,-2.024671738699269,893.8094714545019,-3.8962352939263,19.975227306628142,-77.09917402191265,10.053140357233774
19,10,5.010614498436525,97.19559774364774,-2.920674828491028,922.2566367460827,-1.546495870046354,19.9969088586245,-72.83276904189776,9.341693766013973
19,11,4.989517585035459,103.0903627097826,-2.528005393070213,889.9176735566479,-5.731121093379528,19.976700600520886,-80.67084000109813,10.127226497471295
19,12,4.958696437445967,82.00272162413071,-1.8112908611147698,860.9055697188127,-4.360969880678564,19.952055082929338,-79.99759250363779,10.59564117862677
19,13,4.871503367372142,69.3452745315818,-2.3787350414094264,927.1628094467288,0.18702614684473695,19.974486591249413,-47.36626782155871,8.060503992345408
19,14,4.915813532043458,68.50263338419926,-2.397315524944147,921.4257891130148,-1.5092007687958842,19.94514482763881,-53.843437612246305,8.973546083231998
19,15,5.058609212734445,89.987207111604,-2.440426122028552,947.34893046504,-1.0570437208540238,20.008646151418432,-75.37503449013994,9.762338056850657
19,16,4.998006885115816,94.06523618098163,-1.9707952383491825,869.6450086453174,-0.8386454169356792,19.97231237833458,-82.10161261599944,10.323807900201007
19,17,4.991998853287305,103.96722820524595,-2.4041896516539247,897.5840291269432,-3.919786452204226,19.98980161752877,-76.31983950377672,9.794545072368058
19,18,4.993324854704048,94.45188323413645,-2.1792416202700076,904.0572830723045,-4.069654950103541,19.989231616585798,-80.47309501639981,10.335902522988011
19,19,5.040020103598225,106.35236977881134,-2.4486216795850173,915.1424103866698,-3.213495558280294,19.98470067864031,-86.2264346250635,9.936628507694138
19,20,5.01133914299566,93.7416360376062,-2.439657015796791,942.7947065739943,-0.9072033359654186,19.983786951476947,-72.20946353156606,10.17127720929522
19,21,5.0321676288576755,91.39631696208126,-2.1032900853601393,923.219722199157,-6.629640263211085,19.97995573641993,-81.18876883070806,10.501447385968513
19,22,4.975314444038117,97.69505279781573,-2.3348365416162826,923.6429832929516,-2.276399695050781,19.976334928839588,-79.8462717379031,9.543281825057694
19,23,5.065502781277407,125.47396249783922,-2.6052902433445393,956.0203597841548,-6.315119163103426,19.980029408024613,-79.66192406324218,9.461551966816746
19,24,4.905210180075958,75.74690655476314,-2.6147041065223284,928.9985769816668,-0.3615294128182304,19.970798322783303,-43.78478612238584,7.850807204525591
19,25,4.846218728541396,73.2038134814577,-2.0810920015217955,926.2026961891896,-2.9649630823919852,19.952011399501586,-50.289500824959916,8.881315560522143
19,26,5.099882571083347,104.04340715655935,-3.5688321457672374,1039.716036205429,6.0641858271361535,20.06492792148064,-49.8214469744942,7.64983042580901
19,27,5.021257602428373,92.32995250466107,-3.3614042592013464,963.6302963061491,7.017601091220405,20.03082349967176,-43.067760557872376,7.995382648470051
20,0,5.096514610975693,111.99829581825009,-3.5698757364922447,1009.0744289289559,6.932172890440082,20.047201361543955,-40.98335805906419,7.6899724839256995
20,1,4.99819354775352,93.70940893679273,-3.733187425374706,1038.55128902263,6.792272379457378,20.05054141154265,-38.273164857611334,7.980048881393719
20,2,4.86978812003179,87.16774913845067,-2.3131883150314536,958.1671363022002,-1.505581621611954,19.955653097198528,-50.533200276096935,7.6810507239369965
20,3,4.898315527069995,68.9257320223036,-1.8063776933656428,867.9421448584909,-0.7382321433668416,19.953736657165564,-55.93739801253081,8.76926457922106
20,4,4.9820573534795,102.59835537694474,-2.2935602996391573,873.139816320354,-0.7909513774846463,19.99562119260915,-80.2965696573419,9.124846233103625
20,5,5.035304287429274,103.14664239764235,-2.39284444674347,903.6788387906905,-1.959905612142297,19.994229424282803,-73.64434646876305,9.622595733524022
20,6,4.980296783914032,87.02022998372188,-1.9834359149291587,916.3865617305844,-3.756496140844451,19.96240916004318,-79.10444765738325,10.109970011709496
20,7,4.9750777155978785,77.70085043325497,-2.0552990851404624,840.0696562604608,-3.314336077555824,19.968418754274627,-81.84385322401248,10.405601115151862
20,8,5.017882841012813,89.56195462476518,-2.2497869625487743,916.9018228704299,-2.121212194209866,19.978641828313812,-77.88715291002268,10.384360842403412
20,9,4.9619060072614465,91.43745534622633,-2.2750373610829993,885.3397999251359,-1.8649082443697451,19.966785912910456,-77.61106361620183,9.576029568384687
20,10,5.0141514225898165,90.89330316783033,-2.4990865543287915,914.5460958796803,-2.6447633560213406,20.001051427986745,-78.82380526521678,9.96279723752183
20,11,4.99975706139583,95.42547588433936,-2.3998593068856606,949.1476531202131,-4.258107871057161,19.998483938759485,-77.15868566543857,9.872679773841849
20,12,5.015287855799917,100.02825891776828,-2.5335687109245826,928.2773305335201,-0.652578646903168,19.996114533600046,-73.39894744821376,9.86529930654078
20,13,4.862566065595584,54.48787819412891,-2.003146683553755,959.0186522299762,-1.2236966428994291,19.926856746765242,-51.611773245189795,8.494103689442706
20,14,4.993031389894793,102.67242631942916,-2.6465742280657807,919.8939482025277,-2.3126972285539638,19.993484829539746,-75.86606884616178,9.378094223933289
20,15,5.060038715294617,103.00608738690104,-2.4663953965814716,956.0879825113217,-1.8133129137934354,20.005779174714114,-77.46023257982702,9.762111711047233
20,16,4.970083346552217,100.65036196395221,-2.3053343121982275,929.2133596594471,-6.062209919116856,19.970595911625338,-71.63183699642181,9.63164484854452
20,17,5.042324812811254,108.22635256815458,-2.642682081966114,963.4404134504576,-5.937989266222733,20.007278765975457,-81.3388932412343,9.570203993343915
20,18,5.004785089887917,91.69205252627515,-2.182269942071277,930.8272794936253,-4.106350236929511,19.98100168349281,-74.66185185035515,9.610925726057037
20,19,4.989326219795438,84.22641790327535,-2.0581569048724413,899.9500160192331,-1.5015013026555724,19.98704960041183,-73.3013341113293,10.47098923898055
20,20,4.974272029758631,93.06304686185712,-1.9147561028066473,891.6754212816437,-3.2522141260137096,19.977704019372144,-78.22324102283996,9.907388773619745
20,21,5.036506052229352,104.86384443914872,-2.292044145850634,972.793067178604,-4.9688059911410125,19.970101585973907,-80.54434087055824,9.450683978668408
20,22,4.973555468282207,91.09821827874572,-2.0207240800263992,940.0438051714672,-6.808723431116019,19.95600717362938,-75.62651131880511,9.49965303679882
20,23,4.970423806917997,87.08783289880932,-2.346036052015646,925.0819973807498,-2.909117178374578,19.968233228259518,-73.29355269401916,10.014866968489363
20,24,4.888052346965436,73.9517416432341,-2.0592853362928887,944.082422060611,-3.4252527503674006,19.94093674036652,-47.259500752048,8.159882343440035
20,25,4.868220167256968,75.98817527531631,-2.353388531330928,915.1140180628455,-2.6023959267572283,19.959034540712185,-53.22264104875935,8.212584685019097
20,26,5.06719850536531,109.40504017688511,-3.3679753668779915,1017.0416079051963,5.972286695864412,20.04597920810473,-38.63422431984102,7.687305486384162
20,27,5.089681685676804,135.63298454958385,-3.6779893486723276,1049.980949055478,3.363851527426242,20.04861972339489,-41.57495427190928,6.977948471364243
21,0,5.0143635683029215,103.91069176641007,-3.2724762352603673,1041.444294723201,6.624764548313725,20.013490577874364,-31.824406102223225,7.399897685823604
21,1,4.979638417796599,91.11735782228044,-3.548491766529466,987.9842994300975,5.918725281997234,20.0358020760994,-42.48444235655557,7.877756483149666
21,2,4.862278830892825,55.32861231926265,-2.094874429873763,896.7016720708717,0.028030305194548848,19.95004770206915,-53.73445627787138,9.029559821044865
21,3,4.87954829841289,59.230453793119196,-2.298571911116532,917.587565460807,2.1052423223182237,19.967536672628068,-51.257301385039334,8.25273733290723
21,4,4.946643896610429,85.0192792200314,-2.1965716077366646,933.2734920836939,-7.6521593793260605,19.964041321718895,-74.17544063101369,9.674782592979666
21,5,5.009517571235513,100.18304225498225,-2.3449804852343017,930.2020651511053,-3.5537146573159832,20.000875999291534,-79.62410038298269,10.127132331844448
21,6,5.027134303856456,96.4749162285686,-2.2737963329419673,924.2073628807968,-4.291052943389143,19.98410434574801,-75.84615228026887,10.264782122370647
21,7,4.9591542575275955,101.41854182073577,-2.4240184655229706,933.1913130519717,-1.4268551556791629,19.97805941712289,-74.23411924696967,10.006816625947108
21,8,5.013112723925779,100.83121317989995,-2.2834422754350694,918.5577653804537,-4.391676960718799,19.992479448640996,-83.05455340420994,10.019679362162755
21,9,5.003845451273836,101.13321589010782,-2.1791044057182747,927.4703894310474,-5.705948495674739,19.972524577545336,-78.18709931633637,9.198974337674162
21,10,4.993269098616324,73.83888962940333,-1.984222114351456,906.7004410170074,-2.5388268180829288,19.97944594102773,-82.97425034358943,10.455938141023779
21,11,5.001980131878289,105.79812074245976,-2.325519820692332,957.3687130109843,-4.043699416923893,19.987153616539644,-77.95646543214153,9.655396430597172
21,12,5.061734757329691,116.31131459272767,-2.568719474806506,985.7146016597037,-5.492387989506263,19.999325684991643,-80.96699248999806,9.58688506524671
21,13,4.990329813829583,86.25596034922984,-2.2073841890968544,864.6962464644912,-2.6869735494569835,19.97196263157937,-77.06923853482894,10.250418975596126
21,14,5.057611409230143,116.86271896620568,-2.6451906865177794,1004.3921621303951,-4.5474390983567385,20.002634851619476,-74.00773173608394,8.609508258861943
21,15,4.970606998878109,106.73170641255513,-2.0982062033821554,894.1673139054396,-3.343504473704239,19.9792319678336,-77.05349782061778,10.34033488437052
21,16,4.988646670191062,85.73585469671607,-2.2956582778271795,943.6102606691434,-5.83826647460087,19.975030645868927,-78.8766025376616,9.57616661620365
21,17,4.964187413789773,92.26468726681799,-2.207106251655677,899.7846362631809,-6.054960803441288,19.965142308224443,-74.55805135072775,9.996568517790497
21,18,5.050148695405695,103.71191308752209,-2.482703363993483,914.7986024070061,-4.465954501196632,19.990700444171996,-76.40483276985833,9.883309450815885
21,19,5.071146242813923,103.26805025859623,-2.7657103205436195,940.5597610838421,-4.39091369912795,19.99267976135774,-74.61318466868173,10.195486221355779
21,20,4.981890832291543,87.08987994121937,-2.065835681957551,918.8877613608621,-0.9100714239142734,19.973154652940753,-75.93185171857003,10.505768834648812
21,21,4.951395064598757,75.81162904718386,-2.116339620248753,901.0642249408716,-2.9634552845546382,19.96240489721587,-77.15370499177924,10.504791577910035
21,22,4.999527776624464,124.75461814676966,-2.5091061730961646,914.9945556946252,-5.824544243549473,19.972261583870708,-74.69508018938087,9.77507494519661
21,23,5.002349228201121,79.33718383234581,-2.669002906527819,904.2308747677835,-1.9898346629484143,19.992681380604314,-70.64989806667924,9.315800947860538
21,24,4.8954285969673945,62.190180518913174,-2.028980118253698,916.2091354675317,-1.738431761139899,19.942629418731904,-48.88218181011861,8.471391643981859
21,25,4.87153862019191,62.99017546103338,-2.0819423379297026,898.9009806003866,0.8292913882834524,19.9461654075885,-54.28299567711152,8.815712880457166
21,26,4.78271449927893,65.57087474464939,-1.840199642375649,903.0370627925693,-2.5597252583633647,19.940678653011588,-50.63080102204531,9.254821852419102
21,27,5.033359279180533,107.28811131691765,-3.024044444447661,995.3885054378532,8.796881242279843,20.040994012886355,-35.71309655980001,7.907896203165362
22,0,4.990123082764281,85.85686608764013,-3.743428186319163,975.5373760334227,4.2517634960752755,20.030192634808827,-35.539542948238285,7.878928405944323
22,1,5.051828619536134,94.59232300879653,-3.3420401568462523,1023.9144254031811,6.236445810367534,20.03864146212212,-44.064310082029316,8.22231107026541
22,2,4.8296738286030285,60.2065570583221,-1.9506205159241683,898.4583363322422,-2.4613910573908697,19.92175543359715,-53.74723245885324,8.877216122913394
22,3,4.936001269612334,76.48952274749287,-2.3713353276277647,959.4826500013205,-0.5580531531658226,19.98660727068201,-41.839364021499485,8.28323643478984
22,4,4.8779150598633,70.40129646329709,-2.210693968936529,938.6149523803709,-2.7128078507712945,19.94481353429655,-51.93344385956722,8.397417769264614
22,5,4.972121384554634,97.39177887521528,-2.3701579719012327,910.5815972640033,-3.091132900320916,19.982924837401786,-78.9796193278778,10.543991693743463
22,6,4.973598990534042,89.78823937454678,-2.2075440034388936,915.3666444504865,-4.972931218658246,19.969730166576575,-81.16592129692683,10.61328946274861
22,7,4.963115898570403,84.25336384369513,-2.126076571609958,922.6235163881264,-3.0122979079756154,19.973459311300733,-79.2470603657881,10.27076817828753
22,8,4.950608672020987,83.36069195356389,-1.83859116452963,854.7438436766741,-1.950013122522711,19.965564744477582,-78.38363344258927,10.40851670493737
22,9,5.020393570400214,91.63222217714443,-2.87183642328125,1003.981614777794,-4.3913492101099685,20.011758189459066,-69.49667719243956,9.113968445465868
22,10,4.969726103072692,86.42582578669489,-2.15761234042154,908.1287308232261,-1.8725684081743459,19.96809503920957,-74.52522402404323,9.575809633173716
22,11,5.005731120786829,101.12157139610953,-2.4377430659748236,948.0630988632602,-4.783970575645115,19.968293773064378,-79.05251046228601,9.868413869038223
22,12,4.978486438805736,84.5855475203604,-2.0688947239820354,918.8542819787058,-2.782698041422438,19.97834894920055,-81.93077744541404,9.692709684919967
22,13,5.007367242796762,103.59699492142465,-2.493905840732524,944.6699282050447,-1.0831770697126395,20.012686606001445,-76.5056956772251,10.49738182950068
22,14,4.9691126543574775,88.29529381856693,-2.0474449413485982,883.4670361211969,-3.251191335488568,19.980514719958723,-85.54647388777022,10.206031598291215
22,15,5.015921997925018,85.38578679908221,-2.397217644339586,877.4030417651312,-5.032198456301385,19.96884887735276,-77.77292426549127,10.07889549466512
22,16,5.006112264071567,92.70519290173827,-2.2150817878149796,878.290116352324,-5.227982627241826,19.963839865224124,-83.98094095813225,10.517976521075617
22,17,5.01889311124751,104.14347610082268,-2.7504850817945328,954.1382031966712,-3.461745342902097,19.994253619759963,-75.90833264135438,9.71371676037776
22,18,4.977190654480033,82.37002077158498,-2.0353603021279727,898.5129561929449,-6.808135093849085,19.943563255886097,-81.46076055705367,10.070092601626753
22,19,5.038213237824844,97.67484688192874,-2.431253919420551,932.8848669564576,-2.254013593309413,19.9866996636416,-83.50909469353464,9.875914095519375
22,20,4.997792346642518,100.30988420479719,-2.3064369638266244,966.5611390341531,-6.353300597446713,19.96564731878604,-78.6483260958244,9.903006893463145
22,21,4.978980880914582,97.18574013399585,-2.2298292447223385,935.6279690882782,-1.62672509424042,19.976070438827215,-77.54868475675411,9.910297168777848
22,22,5.041574176910258,96.74456280148726,-2.355496206234056,901.0271811823716,-4.489119334835035,19.98521677578525,-76.25700922129808,9.886975610084283
22,23,4.967248241862356,90.44892009736901,-1.8370657224245988,879.6159387024038,-0.34412272451052495,19.982262096714315,-76.93450699320694,10.765450906580474
22,24,4.860326139707456,60.00211199555095,-1.768133649260281,854.7723678515347,-2.866253181274354,19.935253118033827,-50.144877549460716,8.381592168720381
22,25,4.872493195969361,58.32456694543293,-1.7659405792166274,908.8550819588111,-3.2740828444488774,19.927925988858846,-49.853984894578325,8.922714400786338
22,26,4.833129210084511,65.19585876422047,-1.981282057795704,921.4743528158428,-3.096466828510102,19.940147401157844,-54.33543470721244,8.67070727718987
22,27,4.920478512582951,72.97378817013748,-2.865843303054515,977.2178020074733,8.469194954874046,20.013837317384386,-41.090979422094435,8.792106898472941
23,0,5.038259651212341,101.33045444628058,-3.5961308841843045,1008.897692215664,7.13104880568525,20.055735021546624,-39.9851315719445,8.184386124613077
23,1,4.976131308823395,83.96402414411403,-3.4060759143045485,971.0120431932343,9.785208386455231,20.041471460238018,-35.81634162115468,8.582471553538122
23,2,4.867555180824465,58.46051406073052,-2.1593491649858745,889.6958872482058,0.9753946018877103,19.95252326202835,-48.86855965951503,9.193154454083807
23,3,4.912499312401748,64.55529249275676,-2.3463464963684864,898.7687830938013,1.7107813876751612,19.97375264360364,-55.65385743341241,9.654424788424308
23,4,4.889139024762475,75.92438903533096,-2.4723280905115983,928.2132319408712,0.7415371770890895,19.97259640207617,-48.37419150761476,8.660749776694873
23,5,5.030276731165245,97.8106691929782,-2.0564622592533,921.2056534306832,-2.313782986306529,19.985462705915538,-77.91768417341116,9.644432862195014
23,6,4.95689525241415,98.2196722748567,-2.000086957152298,871.911982822885,-3.5590150695304326,19.97304071501461,-80.40159711479617,9.676587727937529
23,7,5.032974754452918,102.33963464285374,-2.580219028774485,900.6141580906026,-4.241120337947942,19.99405450521236,-78.14432506564728,9.55233675192807
23,8,5.030700289329096,98.50599267193553,-2.42556436489339,983.0528041118349,-3.121593547821266,19.983618786159656,-75.57640871222593,9.466698554915954
23,9,5.010730083072168,93.64807687187998,-2.049592380869334,921.5630937508346,-5.956263000153215,19.97300481022476,-81.42151075919153,10.140743883847687
23,10,5.02003794629485,94.90577925478966,-2.047575903291392,909.4294420824883,-5.49629339014165,19.974959496620215,-77.80259022771484,10.05522859895223
23,11,4.992092700304229,95.78989840889601,-2.111733839534615,950.7267440331455,-4.395070819792958,19.968225723584684,-73.5436760727691,10.092610080579975
23,12,5.032043904825383,103.2332960803303,-1.9884234428311724,864.6402289308166,-5.03511048821225,19.968050698259617,-81.1543764376737,9.899204921525675
23,13,5.007212092680001,105.5941051874233,-2.3730092223033754,920.9517467363494,-4.2146023862439455,19.9804370675758,-71.33034486643515,8.850049657148665
23,14,5.009109211152067,97.06554703980659,-2.444567997577219,918.5847340123025,-2.5759335094101967,19.99281224694488,-72.64037633126654,10.072619805945282
23,15,5.080130919214866,117.57579837979134,-2.5019384249090537,973.2918769761712,-3.650896462540792,20.012610499641593,-80.51286676004133,10.071747515514344
23,16,4.991912018375007,86.90681364568962,-2.295656047858385,920.8092694095947,-3.4738818304751717,19.976860171101535,-80.94392107683537,9.876545493967251
23,17,5.066493751335642,98.86372634004537,-2.2121447333119315,931.4557669770644,-7.079727254157776,19.98223181223599,-90.3596735570467,10.147889303719555
23,18,5.067607803039916,95.58495801902876,-2.3449469560219187,929.4637515961881,-3.1888749622911217,19.981675511667216,-80.34749541911748,10.260738358908252
23,19,5.000904761585819,92.97927004971069,-2.2991495351000637,930.3132904959292,-4.1029084649742344,19.974288524009506,-78.89196176008365,9.843170269061613
23,20,4.946101695741033,80.73601530191632,-1.8624164420712683,893.6859462093983,-5.4538683281986025,19.940756932736562,-76.26359082518448,9.58507604798174
23,21,5.009308677856957,85.83762234675353,-1.9909608586087526,943.3765391995031,-4.656669150808193,19.972049380914957,-75.20412007776542,9.491445030349055
23,22,4.965194642950786,96.7965822390971,-2.0646342321980335,911.9235443632219,-4.345001707739805,19.968612784706615,-82.83882404251409,11.784159537517507
23,23,5.005844231088505,93.47450951861006,-2.0619973854177727,905.1379027581786,-1.9840785209242604,19.97992052462438,-75.63500173883544,9.909141606657291
23,24,4.927707290836402,78.92725076989092,-2.36558302289325,953.5935346792033,-1.4439397961735383,19.972387924991985,-51.81625329924603,8.55742900627935
23,25,4.897720019923555,58.09359295232332,-2.1699772263607686,914.4430545323237,-1.2542400179438185,19.95185853887871,-49.32838817121463,8.377821806675582
23,26,5.056161371764809,108.81627099041874,-3.607924017646086,1001.6915948437353,4.96107952129518,20.05597959772376,-37.77603536551548,8.02692928226191
23,27,5.059878086253176,119.17138286469728,-3.5852757290581523,1024.3581873542732,4.948017054376964,20.043798668705872,-43.73829251915007,7.174128253817106
24,0,4.959605433863932,97.33082318303869,-3.578308338287366,970.7129008870251,7.287543356919702,20.038515726518668,-33.85896732681847,7.570554616207178
24,1,5.013199841476309,94.35872916588154,-3.4346224136339263,1007.5867378204124,7.24259855903075,20.05633547426187,-46.04258358075688,7.639067862260992
24,2,4.861696293354475,58.72836440924073,-2.082639086972769,917.34678830847,-3.4664528089172992,19.931888175608574,-54.43801770587544,8.738006875733767
24,3,4.897849939217228,52.84697813318789,-1.9640519787763477,862.0692347730729,-1.8648571813103092,19.939552176027277,-50.86791277723205,8.4801394995866
24,4,4.894960509040935,63.211331035241955,-2.3626737227116266,916.7760131454824,1.5846982771038418,19.95688853563896,-48.506721572363915,8.4799445923989
24,5,5.0016147150632015,92.53030306505211,-2.4098780577601246,908.4349044135868,-4.529920854487471,19.969681154891322,-73.75750060270356,9.863576162774114
24,6,4.99889139719567,78.81527561472231,-2.1985266627439635,910.1526923435836,-1.774442909742871,19.984251301004246,-75.35437245135371,9.154569507872443
24,7,5.0052738192095365,89.7785763466332,-2.2377668549388057,856.1713481342372,-2.7011022398731046,19.993233746430903,-80.795944846671,10.183382386715438
24,8,5.022722260474255,111.84752933090678,-2.6582474835136773,924.3993555169925,-1.7227953273144427,20.01656026081508,-73.72856505360562,9.498707559121065
24,9,4.989700655308224,80.09331861955388,-1.891881721628045,923.0550363647931,-6.437703960089239,19.963553988725106,-76.88661824246785,10.160222361377869
24,10,5.0002642922677865,91.02543394941202,-2.270695246942794,932.3382773259218,-5.169443513007301,19.977030307939632,-74.78845926216606,9.604842608356256
24,11,5.07255348728265,100.38890420817701,-2.4182398837825714,950.6548950672928,-4.166710527840807,19.983108633921187,-68.50435525928444,9.760159457287797
24,12,5.021587974103448,105.99220885563601,-2.3986714006274363,927.456230808249,0.16778810175069547,20.007062938574823,-73.1353373058029,10.297696313333756
24,13,4.997574502382057,77.37951228409833,-1.8817151723872227,962.2632011116302,-4.33287180594277,19.97323973388618,-75.36651683854073,10.04582747965049
24,14,5.0429265429382575,101.38249213827923,-2.57885540468764,983.1146976880392,-2.807730140507064,19.993221505652528,-74.89108097853284,9.350412579602649
24,15,4.998069988125524,78.78579143115041,-2.1820982883321896,946.7324516787875,-4.614527030432387,19.960707282919568,-84.20927639284507,9.944815025019134
24,16,5.050406173730792,103.93007365580631,-2.5688900154340404,889.3760727133107,-1.3041921435248636,19.99416275906986,-70.16755226550005,9.618569903760712
24,17,5.000349367907257,90.52124918545682,-2.6101272369198893,927.2094648555286,-1.6014203599838377,19.984827027165796,-72.45515661182773,9.328794228733674
24,18,4.97460252780118,90.40852249876608,-2.1483556775340773,890.1651448030274,-5.779154279109003,19.989195533166644,-80.75023307503513,10.464918101823478
24,19,4.992921710168888,92.7913595870133,-2.1568162113015017,896.7695351737267,-5.620997114723872,19.963375163697886,-74.79455938294396,9.948138618899105
24,20,4.985436437473843,87.36443227076467,-2.07861515926388,918.1402493788434,-4.860955338600754,19.975931067829297,-78.17413119318591,10.418840712486306
24,21,5.0007565139309005,87.3585642788613,-2.010092136105406,914.7902666517865,-4.794988778891358,19.94872464195754,-76.67581577548216,10.215322528477317
24,22,4.9334892358039575,82.79925537785525,-1.9541280181332359,863.5089860357884,-5.963483837935797,19.94948813338521,-86.79096765124022,10.192508122716411
24,23,5.050815132630206,113.4202039435108,-2.4019313662891277,947.9579994256399,-5.346039337094177,19.988442117614913,-75.32929329519794,9.412694982569029
24,24,4.830146394734009,55.977943010665406,-2.321970726234072,913.6727841860225,1.060180344830031,19.94211757882264,-41.67626900948643,8.50996795559681
24,25,4.845685103731994,60.94019019038895,-1.9185583310032581,895.350273503266,-2.7689771961821967,19.94995970492626,-54.719310547832315,8.737709073882916
24,26,4.992656420741057,90.96683140391526,-3.6607156977850988,987.0631149490109,5.836023232819781,20.033108666045084,-38.52580556608136,7.239392020705504
24,27,4.9746631897897275,100.16257012582713,-3.576568428134809,1016.6302893803723,6.935026568888256,20.039913196448,-41.979798918016186,7.459748415495654
25,0,4.998415646859082,98.19491969308191,-3.5918595350627616,1018.99787256999,6.142072239361016,20.04921931799579,-42.845948928425315,7.278494834016414
25,1,4.944634341085811,85.30674227475349,-3.08333814437155,998.3664416128489,5.421976121899982,20.02310789261982,-35.20825863673902,8.000431211110781
25,2,4.99496841824324,75.82340585583569,-3.138644911436435,978.480987081458,6.40151082634411,20.0355647998588,-42.63990664876628,8.691250934706819
25,3,4.892997828034995,78.04849106270228,-2.5304991241608605,946.2603978943083,1.7959266577581203,19.97873735498037,-45.23466875581866,8.242534115882755
25,4,4.864814049790096,66.12090595554247,-2.1087101303650795,891.6616935191172,2.560227938238367,19.948036827311284,-51.31917240998557,8.490076566601966
25,5,4.952142148796744,73.97575958260504,-1.9304352071997897,912.5823658094163,-3.4238506963058417,19.968854958354882,-74.99058028787809,10.869951643541725
25,6,5.015380388553087,94.08234644007702,-1.8070925304273324,916.9328408350375,-5.382312967975305,19.967403157250356,-72.43667585088973,8.92927753869264
25,7,5.012877885881639,73.9761810420583,-2.240076847138047,896.1793382895922,-2.1281416607321493,19.978056425210788,-82.01966425469482,10.244614985209669
25,8,5.0231544993911905,97.55989746222264,-2.5979386292592737,914.2577567508896,-4.831142805485292,19.993043833830566,-81.93505436905656,10.267867210089172
25,9,4.972785683073762,93.00692266722017,-2.0606465647420444,895.6306209439862,-6.923414379977526,19.963761745795615,-78.67937331682202,9.831768392635324
25,10,5.020522204207641,102.08465692054712,-2.493804342399522,940.9844336389191,-2.821818674223823,19.9990985907393,-81.09883455781547,9.976275850281855
25,11,4.978491800955167,96.95874128124423,-1.8580807317584978,900.7507717503394,-7.169219111717666,19.956361381402946,-85.07587780634134,10.187155595591637
25,12,5.00768330860419,94.34320816886337,-2.3322171486044625,939.130501961811,-4.209338441191904,19.980194803378733,-78.7955642801673,10.085044443160003
25,13,4.848173895034539,55.338117473603695,-2.0020532250550755,874.6486500871414,-1.5675547800043006,19.930477006295117,-53.43069711020821,8.990565077224497
25,14,4.847686004915533,71.33062199338706,-2.1710442989474323,901.4852160482365,-0.999136766947226,19.933319426653885,-49.7195001804043,8.74678257264775
25,15,4.837257989068709,74.28929124329554,-1.8883683535230358,921.4153867010841,-1.4389323586665685,19.955028365818126,-51.559918106582614,9.459213179252274
25,16,4.975658569992425,86.26695142410271,-2.229179495492363,914.0065899810287,-4.236391307776328,19.978430304011994,-71.48410591557108,9.928891001855371
25,17,4.995738061567565,84.5542996615058,-1.9415077863062609,885.8721990629346,-4.266834110347451,19.970829531435637,-81.08871084602218,9.53136008647242
25,18,4.97655981549756,95.2405453940693,-1.924748737232244,935.5837717387159,-6.042084819875745,19.963665722270928,-72.69076651126338,9.070258028751608
25,19,4.988145799940051,103.13862672375222,-2.2044722545831763,905.5933172837582,-5.712221944849415,19.97270719200913,-77.92935593891524,10.020732556707953
25,20,4.969457794300048,83.4926487768475,-1.8151213198953544,919.356055612417,-4.399599577584117,19.96695299666732,-79.69227308844677,10.448115630097007
25,21,4.957793034264259,84.67943018573057,-2.2043894687022383,876.6748702517825,-4.0490599188723735,19.977383287257084,-79.72877885923486,9.996341629729566
25,22,5.042977044376935,104.79472748530364,-2.2863218668621936,916.2204704718183,-3.7637907231855503,19.989202780038873,-85.03944591043293,10.069690076139928
25,23,4.843476532963053,58.801094349929826,-1.6562086262081392,880.3500748998905,-3.53895972522496,19.919590988758024,-54.04796741796305,9.08288322189004
25,24,4.830914792852704,59.55903003785436,-2.181420450528009,893.3337495818362,-0.9939862042787597,19.949004890917443,-52.340259097456965,8.846101269187965
25,25,4.874832752487757,70.69413430017882,-1.9840935469339787,946.6393365466163,-2.2957014440274364,19.944498441026074,-60.03492061977639,8.417509916267765
25,26,5.064970206209394,105.06993048347951,-3.48420353889654,1007.659525924894,3.206943377645477,20.017799423356667,-46.63999040429976,7.885990403973299
25,27,4.946341220972766,87.13601354801442,-3.2693224849148965,964.1733554842228,7.261402919518387,20.05059778845054,-37.54919627477316,8.223068162317007
26,0,4.988381595336076,73.81180669480946,-3.3101170945165896,987.3418902598598,5.998184159899726,20.042590093101794,-51.479354753018484,8.933166071666962
26,1,5.0322256850181954,92.580231101787,-3.5069260172224417,979.9040754664634,9.307785426359436,20.05806421670206,-40.64058437354754,7.523857295571029
26,2,5.042562589675583,103.98089507525803,-3.5224062242312604,987.9457937066107,6.030064931322197,20.042415398228087,-43.84805820078248,7.244020072753223
26,3,4.85456522177243,68.97437928466323,-2.3619991006630667,950.5649710160453,0.7652091263118795,19.96131598838885,-48.961511805533945,8.67280255002027
26,4,4.879333796322593,66.09724493099009,-2.233211489841181,946.8320108533769,-0.06902768476520366,19.953652288442882,-42.73083156514727,8.64782276428093
26,5,4.849377661458245,53.41783178641211,-2.1021365980571844,909.4825541869027,-1.2637333137083067,19.952733476413144,-57.999442754230955,9.608465887691091
26,6,5.02265815827753,80.84791284816433,-2.4576081608595497,928.5559521256025,-3.130742839445529,19.98459326767966,-75.21396539396052,9.62112566012632
26,7,5.018899884138791,110.83711539077599,-2.7723096730970016,921.7883028547241,-0.26706043866214657,20.005737130256616,-75.40052196907301,9.291541748468205
26,8,4.972691576394647,88.02999278037831,-2.345794989107099,879.4021099462875,-2.0602770807490294,19.980902413489147,-79.51504198661432,10.580360485850465
26,9,5.0680130193984105,107.5011730872813,-2.0849096197270662,907.0694474827643,-4.6599690068685575,19.977290466258083,-83.14298125517516,9.988483387736652
26,10,5.0248401299060825,106.00021947013147,-2.180201599584019,944.646192829357,-4.41086310477413,19.981824758130728,-81.98200925588765,9.53309520129037
26,11,5.035954988544339,100.03791037727889,-2.6187830873048723,929.3854913221178,-3.3702693211877928,20.001006004193634,-81.59323862049342,10.052527512960319
26,12,5.011074847398925,104.18851816493179,-2.304485003820439,908.9050868244026,-5.056884675000026,19.988091705106637,-84.80672403808163,9.720411229589862
26,13,4.80979529508338,56.10714316052499,-1.789351369533261,899.2970873693034,-0.4255205351379541,19.943106445378998,-50.76742968937346,8.861078337408026
26,14,4.851490200880334,75.97941452770996,-2.3814483335357566,944.3847418641402,-0.2908618075436667,19.957302861864925,-43.762378442670474,8.24013030526447
26,15,4.872704974609395,73.1836682236216,-2.0003862561379675,908.8547881679998,-3.390834159856619,19.934099386242107,-54.74642686890835,8.448714594127896
26,16,5.004898726567579,110.17414938217928,-2.653323568145653,951.5311692260747,-4.414434784053848,20.000058306548326,-69.78019404095986,9.68893516612603
26,17,5.025429658653421,100.15151317067155,-1.9610484443156528,931.8498853056115,-4.616958033188482,19.993424405490597,-76.04909898648435,9.374957135679164
26,18,4.939222861639497,84.11589005315268,-2.1960856663724573,899.218003129582,-1.8461185855280202,19.97989990032563,-74.81133931228183,9.988399763228283
26,19,4.9753408927538585,90.68525833304277,-2.136195055343728,924.8680464166637,-5.905384225566637,19.953836747000025,-81.1231019015154,10.307401220910897
26,20,5.002550324548613,107.18182430863372,-2.1193836940140196,936.3001996820606,-5.308560890444123,19.982235045684014,-86.27605764443942,10.53448717330621
26,21,4.963521981015833,84.00115088619319,-2.0573989817249645,912.3007734295195,-5.0430641278902035,19.96731613688904,-83.2367751629698,10.507651122767605
26,22,4.856602716859063,71.6355444750301,-2.576380313935367,937.7013266698856,-1.076001106911927,19.94331012787033,-40.495314717842774,8.125415260551275
26,23,4.916388765312344,64.79868470773744,-2.131801247706341,950.9117405141766,-1.5332594166676379,19.951123668396928,-50.03043005494599,8.406444118062595
26,24,4.9522395768833745,92.53487369569889,-2.740290603238164,962.060032755555,0.08663214456342955,19.966514595383156,-44.7699152018245,8.739746870748776
26,25,4.981220063039517,96.88724586903382,-3.33488998121488,979.7170680257067,6.106114317848897,20.022223140161994,-35.704972550721536,7.914344877139938
26,26,5.03818947437098,114.58380009134034,-3.2616679025481385,1015.400467132032,4.132135030050088,20.058086111301602,-46.720985771131424,8.602646396200651
26,27,5.052289307383917,105.75205473510236,-3.7035103354814076,987.064668543617,7.383439691541975,20.042375424503195,-44.74368916212838,7.343213749187671
27,0,5.07983060990515,115.51134296412842,-3.7932530838163063,1056.5063898350586,6.02416487852276,20.056613502224188,-37.95984223306256,7.98960941085793
27,1,5.0655162625080115,111.61746485972913,-3.3373111488281064,1017.1401313184017,6.81486830281895,20.04930131925838,-44.50360765729238,7.987380227204422
27,2,5.0019270570631855,73.78550094196657,-3.072499607229894,967.8824906841851,7.434349200069193,20.04311086352756,-45.56751210340755,8.256940325560622
27,3,5.023070836771193,94.65479689597508,-3.663744797826175,1001.922975803961,5.756908491532219,20.05055447612828,-37.109041203821945,7.060856448276869
27,4,4.8858540950977725,65.80808612745099,-2.202115031578145,927.8650743708524,-1.2306007554637772,19.958339604741084,-52.30513318870907,8.454574514351023
27,5,4.873427100261935,73.3675829342778,-2.024106944696819,966.1040965072674,-4.111895884170493,19.94845982551137,-58.87072172148534,8.66830121519088
27,6,4.843050847078818,51.57476037237291,-2.455685971586206,897.5407352828889,-0.8731059709126343,19.953444545559872,-48.86257057233245,9.123505669966027
27,7,5.004309792602003,84.13595257980147,-1.9984633663713551,899.3783568398019,-3.5335094895337966,19.975381864873274,-81.50833438797243,10.544033573504713
27,8,5.023169316595864,89.39857428027177,-2.5596747497231522,905.4157204305005,-3.556810148447348,19.988001322181447,-75.89280565575368,10.217910549131727
27,9,5.018053395542326,92.20865901907707,-2.0813554130500527,886.6315606010269,-4.7100369810465335,19.963996936925355,-83.4861785630515,10.411938529936004
27,10,4.981560756468679,98.82273707198966,-2.0147011680017477,902.6501824519705,-7.998909422168874,19.96138147347978,-78.03382600809837,9.830086610928975
27,11,4.99442442687991,89.77983897270684,-2.107871609675687,922.02883285621,-3.4393281689340096,19.954160261007715,-80.83186842462923,10.339324906546125
27,12,4.855486527270801,71.7499467343697,-1.9097223159071657,882.6618088547115,-3.589796140116671,19.93317966217489,-54.50383678967771,9.197568419539612
27,13,4.879085621777328,64.71854597417544,-2.6101458932427257,947.8616317299033,-1.1654566537065587,19.970880170823595,-44.928562775567414,8.600102830830451
27,14,4.881207459530824,66.75221266735593,-2.4698443768042946,912.4987215332623,1.7762037866565046,19.973419250288018,-47.363718508869894,8.503312927124426
27,15,4.885207465520349,60.84811550931854,-2.193706162220191,913.0781062383362,1.0326350386370797,19.942525603076604,-47.103467148322935,8.243677186648187
27,16,4.963026489948697,85.15872273752554,-2.6165471077506894,962.4647173140067,-2.0219582025802114,19.964742688241067,-48.874086674224465,8.471763695207095
27,17,4.851933959327799,45.6330879675431,-1.6192046022969009,833.8681866485238,-0.7093164423281532,19.958544877855484,-56.68487260825368,9.08348258518961
27,18,4.977297887584677,93.14174094983471,-2.124034272092229,883.26411931329,-1.0772539956243452,19.967112360032687,-81.4588308665812,10.155720739221156
27,19,4.981975837545464,91.32739610226649,-2.032015165407402,901.9035585187579,-3.64683722588511,19.96403588440489,-75.24163499061389,9.619681588280159
27,20,5.0105585384246005,86.31654599688565,-2.124376860935416,919.5448564406612,-2.31553822892546,19.982961357185317,-79.08468183060991,10.199733571922506
27,21,4.868228665232155,58.50410536970567,-1.7552331353976904,888.7599665081561,-5.055625585556059,19.941718861783553,-63.04525224431055,9.108311729796702
27,22,4.87956763957909,76.76495163115626,-2.2603150506843472,930.5567403323279,0.2955626475076847,19.961185924451176,-48.04438330103027,8.478389320991448
27,23,4.844468948205604,69.95307538573887,-2.0666751463906836,887.5832931398971,0.4129750862232873,19.940007307362606,-48.7812737342048,9.142969158567189
27,24,4.840400237222412,72.36787248698613,-2.412211872013378,898.9556767947738,0.0660845092453334,19.935183352538758,-48.55408877942392,8.1137042245855
27,25,5.017079506922963,99.4720617110163,-3.281342246553512,1049.006504806537,4.010821949810593,20.024611981437726,-40.38790982192944,7.35281106917496
27,26,4.93134166573358,86.89377847949984,-3.2598474885682798,974.6897194483345,6.262528270766204,20.026443629055514,-44.84513027327788,8.288231129517913
27,27,5.010339686721885,85.89419818973337,-3.226141176017796,991.867434843972,5.206146931236564,20.023226816382696,-47.147610074602994,8.230162695131469
